# Blender 5.2.0 LTS
# www.blender.org
mtllib KEYUG bodyyyyyyyyyyyyyyyyyyyyyyyyyyyyyyyyyyyyyy.mtl
o keyper_body.158
v 0.396245 0.102456 0.092998
v 0.450965 0.164533 0.092998
v 0.500320 -0.093484 0.092998
v 0.820639 -0.093484 0.092998
v 0.869995 0.164533 0.092998
v 0.924714 0.102456 0.092998
v 0.492442 -0.106589 -0.082058
v 0.828517 -0.106589 0.080075
v 0.828517 -0.106589 -0.082058
v 0.492442 -0.106589 0.080075
v 0.828517 -0.106589 -0.082058
v 0.828517 -0.106589 0.080075
v 0.940542 0.104319 -0.082058
v 0.940542 0.104319 0.080075
v 0.492442 -0.106589 0.080075
v 0.820639 -0.093484 0.092998
v 0.828517 -0.106589 0.080075
v 0.500320 -0.093484 0.092998
v 0.828517 -0.106589 -0.082058
v 0.500320 -0.093484 -0.094983
v 0.492442 -0.106589 -0.082058
v 0.820639 -0.093484 -0.094983
v 0.828517 -0.106589 0.080075
v 0.924714 0.102456 0.092998
v 0.940542 0.104319 0.080075
v 0.828517 -0.106589 0.080075
v 0.820639 -0.093484 0.092998
v 0.924714 0.102456 0.092998
v 0.828517 -0.106589 -0.082058
v 0.940542 0.104319 -0.082058
v 0.924714 0.102456 -0.094983
v 0.820639 -0.093484 -0.094983
v 0.492442 -0.106589 -0.082058
v 0.380417 0.104319 -0.082058
v 0.380417 0.104319 0.080075
v 0.492442 -0.106589 0.080075
v 0.492442 -0.106589 0.080075
v 0.380417 0.104319 0.080075
v 0.396245 0.102456 0.092998
v 0.500320 -0.093484 0.092998
v 0.396245 0.102456 -0.094983
v 0.380417 0.104319 -0.082058
v 0.492442 -0.106589 -0.082058
v 0.492442 -0.106589 -0.082058
v 0.500320 -0.093484 -0.094983
v 0.396245 0.102456 -0.094983
v 0.875913 0.177638 0.080075
v 0.940542 0.104319 0.080075
v 0.924714 0.102456 0.092998
v 0.869995 0.164533 0.092998
v 0.875913 0.177638 -0.082058
v 0.924714 0.102456 -0.094983
v 0.940542 0.104319 -0.082058
v 0.869995 0.164533 -0.094983
v 0.808492 0.123550 0.069368
v 0.469749 0.123550 0.069368
v 0.465284 0.133494 0.078659
v 0.813567 0.133494 0.078659
v 0.808492 0.123550 -0.071653
v 0.813567 0.133494 -0.080944
v 0.465284 0.133494 -0.080944
v 0.465284 0.133494 -0.080944
v 0.469749 0.123550 -0.071653
v 0.808492 0.123550 -0.071653
v 0.875913 0.177638 0.080075
v 0.875913 0.177638 -0.082058
v 0.940542 0.104319 -0.082058
v 0.940542 0.104319 0.080075
v 0.832767 0.146325 0.078659
v 0.837821 0.156268 0.069368
v 0.865182 0.118781 0.069368
v 0.865182 0.118781 0.069368
v 0.860077 0.108908 0.078659
v 0.832767 0.146325 0.078659
v 0.832767 0.146325 -0.080944
v 0.860077 0.108908 -0.080944
v 0.865182 0.118781 -0.071653
v 0.807140 -0.062975 -0.079514
v 0.761800 -0.011328 -0.079514
v 0.749056 -0.021020 -0.069392
v 0.805407 -0.075719 -0.069392
v 0.807140 -0.062975 0.070786
v 0.749056 -0.021020 0.060665
v 0.761800 -0.011328 0.070786
v 0.805407 -0.075719 0.060665
v 0.396245 0.102456 0.092998
v 0.445047 0.177638 0.080075
v 0.450965 0.164533 0.092998
v 0.380417 0.104319 0.080075
v 0.396245 0.102456 -0.094983
v 0.450965 0.164533 -0.094983
v 0.445047 0.177638 -0.082058
v 0.380417 0.104319 -0.082058
v 0.450965 0.164533 -0.094983
v 0.500320 -0.093484 -0.094983
v 0.820639 -0.093484 -0.094983
v 0.396245 0.102456 -0.094983
v 0.869995 0.164533 -0.094983
v 0.924714 0.102456 -0.094983
v 0.380417 0.104319 -0.082058
v 0.445047 0.177638 -0.082058
v 0.380417 0.104319 0.080075
v 0.445047 0.177638 0.080075
v 0.465284 0.133494 0.078659
v 0.440421 0.090557 0.069368
v 0.427968 0.091514 0.078659
v 0.465284 0.133494 0.078659
v 0.469749 0.123550 0.069368
v 0.440421 0.090557 0.069368
v 0.465284 0.133494 -0.080944
v 0.427968 0.091514 -0.080944
v 0.440421 0.090557 -0.071653
v 0.440421 0.090557 -0.071653
v 0.469749 0.123550 -0.071653
v 0.465284 0.133494 -0.080944
v 0.868290 0.057967 0.078659
v 0.808492 0.123550 0.069368
v 0.813567 0.133494 0.078659
v 0.863216 0.048023 0.069368
v 0.808492 0.123550 -0.071653
v 0.863216 0.048023 -0.071653
v 0.868290 0.057967 -0.080944
v 0.813567 0.133494 -0.080944
v 0.875913 0.177638 0.080075
v 0.450965 0.164533 0.092998
v 0.445047 0.177638 0.080075
v 0.869995 0.164533 0.092998
v 0.875913 0.177638 -0.082058
v 0.445047 0.177638 -0.082058
v 0.450965 0.164533 -0.094983
v 0.869995 0.164533 -0.094983
v 0.442807 0.146325 0.078659
v 0.837821 0.156268 0.069368
v 0.832767 0.146325 0.078659
v 0.434411 0.156268 0.069368
v 0.837821 0.156268 -0.071653
v 0.434411 0.156268 -0.071653
v 0.442807 0.146325 -0.080944
v 0.832767 0.146325 -0.080944
v 0.749056 -0.021020 -0.069392
v 0.761800 0.098189 -0.079514
v 0.749056 0.110933 -0.069392
v 0.761800 -0.011328 -0.079514
v 0.749056 -0.021020 0.060665
v 0.749056 0.110933 0.060665
v 0.761800 0.098189 0.070786
v 0.761800 -0.011328 0.070786
v 0.875913 0.177638 -0.082058
v 0.445047 0.177638 0.080075
v 0.445047 0.177638 -0.082058
v 0.875913 0.177638 0.080075
v 0.440421 0.090557 0.069368
v 0.528405 -0.045758 0.069368
v 0.510151 -0.035814 0.078659
v 0.427968 0.091514 0.078659
v 0.440421 0.090557 -0.071653
v 0.510151 -0.035814 -0.080944
v 0.528405 -0.045758 -0.071653
v 0.427968 0.091514 -0.080944
v 0.089083 -0.239956 0.052988
v 0.196780 -0.433811 0.052988
v 0.165581 -0.498842 0.052988
v -0.039502 -0.088676 0.052988
v 0.057776 -0.035843 0.058635
v 0.025418 -0.023223 0.061535
v 0.050090 -0.039112 0.065288
v 0.264585 -0.498842 0.052988
v 0.235703 -0.433811 0.052988
v 0.329932 -0.336626 0.052988
v 0.436563 -0.316526 0.052988
v 0.329932 -0.277488 0.052988
v 0.343833 0.009286 0.052988
v 0.199822 0.009286 0.052988
v 0.268497 -0.516970 -0.045654
v 0.448130 -0.323406 -0.045654
v 0.436563 -0.316526 -0.060843
v 0.264585 -0.498842 -0.060842
v 0.268497 -0.516970 0.037799
v 0.436563 -0.316526 0.052988
v 0.448130 -0.323406 0.037799
v 0.264585 -0.498842 0.052988
v 0.448130 -0.323406 0.037799
v 0.448130 -0.323406 -0.045654
v 0.268497 -0.516970 0.037799
v 0.352531 0.027414 -0.045654
v 0.352531 0.027414 0.037799
v 0.198900 -0.001469 -0.043022
v 0.178200 0.027414 0.037799
v 0.268497 -0.516970 -0.045654
v 0.160717 -0.516970 -0.045654
v 0.160717 -0.516970 0.037799
v 0.268497 -0.516970 -0.045654
v 0.268497 -0.516970 0.037799
v 0.448130 -0.323406 -0.045654
v 0.352531 0.027414 -0.045654
v 0.343833 0.009286 -0.060843
v 0.436563 -0.316526 -0.060843
v 0.448130 -0.323406 0.037799
v 0.343833 0.009286 0.052988
v 0.352531 0.027414 0.037799
v 0.436563 -0.316526 0.052988
v 0.268497 -0.516970 -0.045654
v 0.165581 -0.498842 -0.060842
v 0.160717 -0.516970 -0.045654
v 0.264585 -0.498842 -0.060842
v 0.268497 -0.516970 0.037799
v 0.160717 -0.516970 0.037799
v 0.165581 -0.498842 0.052988
v 0.264585 -0.498842 0.052988
v 0.067870 -0.019757 -0.045654
v 0.142199 -0.042634 0.055913
v 0.149813 -0.049290 -0.027403
v 0.067870 -0.019757 0.037799
v 0.098665 -0.230917 -0.045654
v 0.098665 -0.230917 0.037799
v 0.201312 -0.415682 0.037799
v 0.201312 -0.415682 -0.045654
v 0.232106 -0.415682 0.037799
v 0.232106 -0.415682 -0.045654
v 0.264585 -0.498842 -0.060842
v 0.436563 -0.316526 -0.060843
v 0.329932 -0.336626 -0.060843
v 0.235703 -0.433811 -0.060842
v 0.196780 -0.433811 -0.060842
v 0.165581 -0.498842 -0.060842
v 0.089083 -0.239956 -0.060843
v -0.039502 -0.088676 -0.060843
v 0.057920 -0.028330 -0.056793
v 0.040169 -0.037028 -0.051839
v 0.077394 -0.049463 -0.048002
v 0.329932 -0.277488 -0.060843
v 0.343833 0.009286 -0.060843
v 0.199822 0.009286 -0.060843
v -0.039502 -0.088676 -0.060843
v 0.160717 -0.516970 -0.045654
v 0.165581 -0.498842 -0.060842
v -0.054842 -0.085851 -0.045654
v -0.039502 -0.088676 0.052988
v 0.165581 -0.498842 0.052988
v 0.160717 -0.516970 0.037799
v -0.054842 -0.085851 0.037799
v 0.329932 -0.277488 -0.060843
v 0.319356 -0.327699 -0.045654
v 0.329932 -0.336626 -0.060843
v 0.319356 -0.283707 -0.045654
v 0.199822 0.009286 -0.060843
v 0.201808 0.029372 -0.049960
v 0.235703 -0.433811 -0.060842
v 0.232106 -0.415682 -0.045654
v 0.201312 -0.415682 -0.045654
v 0.196780 -0.433811 -0.060842
v 0.089083 -0.239956 -0.060843
v 0.098665 -0.230917 -0.045654
v 0.067870 -0.019757 -0.045654
v 0.066566 -0.033068 -0.057227
v 0.082334 -0.040625 -0.050668
v 0.146923 -0.051749 -0.026411
v 0.199822 0.009286 0.052988
v 0.329932 -0.277488 0.052988
v 0.319356 -0.283707 0.037799
v 0.178200 0.027414 0.037799
v 0.319356 -0.327699 0.037799
v 0.329932 -0.336626 0.052988
v 0.235703 -0.433811 0.052988
v 0.232106 -0.415682 0.037799
v 0.201312 -0.415682 0.037799
v 0.196780 -0.433811 0.052988
v 0.089083 -0.239956 0.052988
v 0.098665 -0.230917 0.037799
v 0.067870 -0.019757 0.037799
v 0.066628 -0.029852 0.055920
v 0.090365 -0.026951 0.058974
v 0.147369 -0.045570 0.055675
v -0.007549 0.036623 -0.042996
v -0.106799 0.028282 -0.062453
v -0.100431 0.008039 -0.044242
v -0.006651 0.016700 -0.065231
v -0.097878 0.012989 0.063708
v 0.076136 -0.033555 0.065953
v 0.084751 -0.034285 0.065898
v -0.106799 0.028282 0.054598
v 0.047734 -0.046078 -0.032794
v 0.074547 -0.042705 -0.048948
v 0.143638 -0.057157 -0.024736
v 0.045312 -0.032291 -0.053680
v 0.352531 0.027414 -0.045654
v 0.178200 0.027414 -0.045654
v 0.199822 0.009286 -0.060843
v 0.343833 0.009286 -0.060843
v 0.352531 0.027414 0.037799
v 0.199822 0.009286 0.052988
v 0.178200 0.027414 0.037799
v 0.343833 0.009286 0.052988
v 0.045677 -0.023580 0.065642
v 0.026179 -0.020229 0.060782
v 0.040400 -0.026474 0.047764
v 0.152806 -0.043892 0.054426
v -0.106799 0.028282 -0.062453
v -0.004379 0.034661 -0.043098
v -0.007000 0.048866 0.067032
v -0.106799 0.028282 0.054598
v 0.160717 -0.516970 0.037799
v 0.160717 -0.516970 -0.045654
v -0.054842 -0.085851 0.037799
v -0.054842 -0.085851 -0.045654
v 0.045535 -0.034798 0.048660
v 0.039592 -0.033319 -0.034122
v 0.143819 -0.040537 0.055207
v 0.115467 -0.059124 -0.019676
v 0.178200 0.027414 -0.045654
v 0.319356 -0.283707 0.037799
v 0.319356 -0.283707 -0.045654
v 0.178200 0.027414 0.037799
v 0.319356 -0.327699 0.037799
v 0.319356 -0.327699 -0.045654
v 0.232106 -0.415682 -0.045654
v 0.319356 -0.327699 -0.045654
v 0.319356 -0.327699 0.037799
v 0.232106 -0.415682 0.037799
v -0.961800 -0.007256 0.019774
v -0.902738 0.075090 0.019774
v -0.902738 -0.088867 0.019774
v -0.961800 -0.088867 0.019774
v -0.991331 0.007570 0.019774
v -1.109456 0.007570 0.019774
v -1.020863 -0.007256 0.019774
v -1.079925 -0.007256 0.019774
v -1.020863 -0.076367 0.019774
v -1.079925 -0.076367 0.019774
v -1.198050 0.075090 0.019774
v -1.138988 -0.007256 0.019774
v -1.198050 -0.125781 0.019774
v -1.138988 -0.125781 0.019774
v -1.260437 0.070529 -0.003016
v -1.260437 0.092289 -0.019051
v -1.260437 0.081599 -0.029741
v -1.260437 0.108324 -0.040810
v -1.260437 0.085647 -0.003016
v -1.260437 0.108324 -0.025693
v -1.260437 0.092289 0.013019
v -1.260437 0.135049 -0.029741
v -1.260437 0.081599 0.023709
v -1.260437 0.108324 0.019661
v -1.260437 0.108324 0.034779
v -1.260437 0.124359 -0.019051
v -1.260437 0.146118 -0.003016
v -1.260437 0.131000 -0.003016
v -1.260437 0.124359 0.013019
v -1.260437 0.135049 0.023709
v -1.260437 0.108324 0.019661
v -1.260437 0.108324 0.034779
v -1.260437 0.108324 0.034779
v -1.260437 0.135049 0.023709
v -1.245226 0.108324 0.044228
v -1.245226 0.141730 0.030390
v -1.245226 0.155567 -0.003016
v -1.260437 0.146118 -0.003016
v -1.260437 0.135049 -0.029741
v -1.245226 0.141730 -0.036422
v -1.245226 0.108324 -0.050259
v -1.260437 0.108324 -0.040810
v -1.260437 0.081599 -0.029741
v -1.245226 0.074918 -0.036422
v -1.245226 0.061081 -0.003016
v -1.260437 0.070529 -0.003016
v -1.260437 0.081599 0.023709
v -1.245226 0.074918 0.030390
v -1.245226 0.108324 0.044228
v -1.260437 0.108324 0.034779
v -1.198050 0.075090 -0.025810
v -1.198050 -0.125781 0.019774
v -1.198050 -0.125781 -0.025810
v -1.198050 0.075090 0.019774
v -1.035438 0.108324 -0.025692
v -1.035438 0.131000 -0.003015
v -1.035438 0.085647 -0.003015
v -1.035438 0.092289 -0.019050
v -1.035438 0.124359 -0.019050
v -1.035438 0.108324 0.019661
v -1.035438 0.092289 0.013020
v -1.035438 0.124359 0.013020
v -1.020863 -0.007256 -0.025810
v -0.991331 0.007570 0.019774
v -0.991331 0.007570 -0.025810
v -1.020863 -0.007256 0.019774
v -1.020863 -0.076367 0.019774
v -1.020863 -0.076367 -0.025810
v -0.961800 -0.007256 0.019774
v -0.961800 -0.007256 -0.025810
v -0.961800 -0.088867 -0.025810
v -0.961800 -0.088867 0.019774
v -1.198050 -0.125781 -0.025810
v -1.138988 -0.125781 0.019774
v -1.138988 -0.125781 -0.025810
v -1.198050 -0.125781 0.019774
v -0.961800 -0.088867 -0.025810
v -0.902738 -0.088867 0.019774
v -0.902738 -0.088867 -0.025810
v -0.961800 -0.088867 0.019774
v -1.079925 -0.076367 -0.025810
v -1.020863 -0.076367 0.019774
v -1.020863 -0.076367 -0.025810
v -1.079925 -0.076367 0.019774
v -0.961800 -0.007256 -0.025810
v -0.961800 -0.088867 -0.025810
v -0.902738 -0.088867 -0.025810
v -0.902738 0.075090 -0.025810
v -0.991331 0.007570 -0.025810
v -1.109456 0.007570 -0.025810
v -1.020863 -0.007256 -0.025810
v -1.079925 -0.007256 -0.025810
v -1.079925 -0.076367 -0.025810
v -1.020863 -0.076367 -0.025810
v -1.198050 0.075090 -0.025810
v -1.138988 -0.007256 -0.025810
v -1.198050 -0.125781 -0.025810
v -1.138988 -0.125781 -0.025810
v -0.864931 0.074918 0.030390
v -0.864931 0.061081 -0.003016
v -1.245226 0.074918 0.030390
v -1.245226 0.108324 0.044228
v -0.864931 0.108324 0.044228
v -1.245226 0.061081 -0.003016
v -0.864931 0.074918 -0.036422
v -1.245226 0.074918 -0.036422
v -0.864931 0.108324 -0.050259
v -1.245226 0.108324 -0.050259
v -0.864931 0.141730 -0.036422
v -1.245226 0.141730 -0.036422
v -0.864931 0.155567 -0.003016
v -1.245226 0.155567 -0.003016
v -0.864931 0.141730 0.030390
v -1.245226 0.141730 0.030390
v -0.864931 0.108324 0.044228
v -1.245226 0.108324 0.044228
v -0.609709 0.080486 -0.030854
v -0.609709 0.108324 -0.042385
v -0.849719 0.080486 -0.030854
v -0.849719 0.068954 -0.003016
v -0.609709 0.068954 -0.003016
v -0.849719 0.080486 0.024822
v -0.609709 0.080486 0.024822
v -0.849719 0.108324 0.036354
v -0.609709 0.108324 0.036354
v -0.849719 0.108324 -0.042385
v -0.609709 0.136162 -0.030854
v -0.849719 0.136162 -0.030854
v -0.609709 0.147693 -0.003016
v -0.849719 0.147693 -0.003016
v -0.609709 0.136162 0.024822
v -0.849719 0.136162 0.024822
v -0.609709 0.108324 0.036354
v -0.849719 0.108324 0.036354
v -1.138988 -0.007256 0.019774
v -1.138988 -0.007256 -0.025810
v -1.138988 -0.125781 0.019774
v -1.109456 0.007570 0.019774
v -1.109456 0.007570 -0.025810
v -1.079925 -0.007256 0.019774
v -1.079925 -0.007256 -0.025810
v -1.079925 -0.076367 -0.025810
v -1.079925 -0.076367 0.019774
v -1.138988 -0.125781 -0.025810
v -0.864931 0.155567 -0.003016
v -0.849719 0.147693 -0.003016
v -0.849719 0.136162 0.024822
v -0.849719 0.136162 -0.030854
v -0.864931 0.141730 0.030390
v -0.864931 0.141730 -0.036422
v -0.864931 0.108324 -0.050259
v -0.849719 0.108324 -0.042385
v -0.849719 0.080486 -0.030854
v -0.864931 0.074918 -0.036422
v -0.864931 0.061081 -0.003016
v -0.849719 0.068954 -0.003016
v -0.849719 0.080486 0.024822
v -0.864931 0.074918 0.030390
v -0.864931 0.108324 0.044228
v -0.849719 0.108324 0.036354
v -0.864931 0.108324 0.044228
v -0.849719 0.108324 0.036354
v -0.902738 -0.088867 -0.025810
v -0.902738 0.075090 0.019774
v -0.902738 0.075090 -0.025810
v -0.902738 -0.088867 0.019774
v -1.035438 0.131000 -0.003015
v -1.260437 0.131000 -0.003016
v -1.260437 0.124359 0.013019
v -1.035438 0.124359 0.013020
v -1.035438 0.124359 -0.019050
v -1.260437 0.124359 -0.019051
v -1.035438 0.108324 -0.025692
v -1.260437 0.108324 -0.025693
v -1.035438 0.092289 -0.019050
v -1.260437 0.092289 -0.019051
v -1.260437 0.085647 -0.003016
v -1.035438 0.085647 -0.003015
v -1.260437 0.092289 0.013019
v -1.035438 0.092289 0.013020
v -1.035438 0.108324 0.019661
v -1.260437 0.108324 0.019661
v -1.260437 0.108324 0.019661
v -1.035438 0.108324 0.019661
v -0.609709 0.136162 -0.030854
v -0.595484 0.138946 -0.033638
v -0.595484 0.151630 -0.003016
v -0.595484 0.108324 -0.046322
v -0.609709 0.147693 -0.003016
v -0.609709 0.108324 -0.042385
v -0.609709 0.080486 -0.030854
v -0.595484 0.077702 -0.033638
v -0.595484 0.065018 -0.003016
v -0.609709 0.068954 -0.003016
v -0.609709 0.080486 0.024822
v -0.595484 0.077702 0.027606
v -0.595484 0.108324 0.040291
v -0.609709 0.108324 0.036354
v -0.609709 0.136162 0.024822
v -0.595484 0.138946 0.027606
v -0.595484 0.108324 0.040291
v -0.609709 0.108324 0.036354
v 0.001342 0.077702 -0.033638
v 0.001342 0.108324 -0.046322
v -0.595484 0.077702 -0.033638
v -0.595484 0.065018 -0.003016
v 0.001342 0.065018 -0.003016
v -0.595484 0.077702 0.027606
v 0.001342 0.077702 0.027606
v -0.595484 0.108324 0.040291
v 0.001342 0.108324 0.040291
v -0.595484 0.108324 -0.046322
v 0.001342 0.138946 -0.033638
v -0.595484 0.138946 -0.033638
v 0.001342 0.151630 -0.003016
v -0.595484 0.151630 -0.003016
v 0.001342 0.138946 0.027606
v -0.595484 0.138946 0.027606
v 0.001342 0.108324 0.040291
v -0.595484 0.108324 0.040291
v 0.030691 -0.025739 0.070793
v 0.163618 -0.025739 0.070793
v 0.239267 -0.084883 0.070793
v -0.355522 -0.084883 0.070793
v -0.020411 0.062352 0.070793
v -0.002802 0.062230 0.070793
v -0.425823 0.062352 0.070793
v -0.425823 0.006609 0.070793
v 0.198175 0.004247 0.070793
v 0.205594 0.042614 0.070793
v 0.216833 0.033632 0.070793
v 0.225630 0.037818 0.069102
v 0.216833 0.033632 0.070793
v 0.225861 0.037683 0.070159
v 0.224665 0.039329 0.069571
v 0.224549 0.036302 0.069538
v 0.223754 0.037283 0.064943
v 0.224473 0.035797 0.070174
v 0.239267 -0.084883 0.070793
v 0.198175 0.004247 0.070793
v 0.162109 0.135386 0.062431
v 0.183762 0.080363 0.070793
v 0.180439 0.073403 0.062431
v 0.158221 -0.018778 0.062431
v 0.201396 0.049575 0.062431
v 0.205594 0.042614 0.070793
v 0.163618 -0.025739 0.070793
v -0.430795 0.069313 -0.064488
v -0.430795 0.069313 0.062431
v -0.430795 0.003576 -0.064488
v -0.430795 0.003576 0.062431
v -0.430795 0.003576 -0.064488
v -0.357475 -0.091844 0.062431
v -0.357475 -0.091844 -0.064488
v -0.430795 0.003576 0.062431
v -0.430795 0.003576 0.062431
v -0.430795 0.069313 0.062431
v -0.425823 0.062352 0.070793
v -0.425823 0.006609 0.070793
v -0.430795 0.003576 -0.064488
v -0.425823 0.062352 -0.072850
v -0.430795 0.069313 -0.064488
v -0.425823 0.006609 -0.072850
v -0.425823 0.006609 0.070793
v -0.355522 -0.084883 0.070793
v -0.357475 -0.091844 0.062431
v -0.430795 0.003576 0.062431
v -0.357475 -0.091844 -0.064488
v -0.425823 0.006609 -0.072850
v -0.430795 0.003576 -0.064488
v -0.355522 -0.084883 -0.072850
v -0.039519 0.069313 0.062431
v -0.039519 0.069313 -0.064488
v 0.012435 0.186710 -0.064488
v 0.012435 0.186710 0.062431
v -0.039519 0.069313 0.062431
v 0.012435 0.186710 0.062431
v 0.015425 0.179749 0.070793
v -0.036313 0.062109 0.070793
v 0.015425 0.179749 -0.072850
v 0.012435 0.186710 -0.064488
v -0.039519 0.069313 -0.064488
v -0.039519 0.069313 -0.064488
v -0.036313 0.062109 -0.072850
v 0.015425 0.179749 -0.072850
v -0.357475 -0.091844 -0.064488
v 0.248393 -0.091844 0.062431
v 0.248393 -0.091844 -0.064488
v -0.357475 -0.091844 0.062431
v -0.357475 -0.091844 0.062431
v 0.239267 -0.084883 0.070793
v 0.248393 -0.091844 0.062431
v -0.355522 -0.084883 0.070793
v -0.357475 -0.091844 -0.064488
v 0.248393 -0.091844 -0.064488
v 0.239267 -0.084883 -0.072850
v -0.355522 -0.084883 -0.072850
v 0.183762 0.080363 -0.072850
v 0.165432 0.142346 -0.072850
v 0.162109 0.135386 -0.064488
v 0.190271 0.179749 0.070793
v 0.015425 0.179749 0.070793
v 0.012435 0.186710 0.062431
v 0.012435 0.186710 0.062431
v 0.193637 0.186710 0.062431
v 0.190271 0.179749 0.070793
v 0.012435 0.186710 -0.064488
v 0.190271 0.179749 -0.072850
v 0.193637 0.186710 -0.064488
v 0.015425 0.179749 -0.072850
v 0.158221 -0.018778 -0.064488
v 0.163618 -0.025739 -0.072850
v 0.205594 0.042614 -0.072850
v 0.201396 0.049575 -0.064488
v 0.015425 0.179749 0.070793
v 0.034313 0.142346 0.070793
v -0.002802 0.062230 0.070793
v -0.036313 0.062109 0.070793
v 0.015425 0.179749 0.070793
v 0.190271 0.179749 0.070793
v 0.165432 0.142346 0.070793
v 0.204935 0.132165 0.070793
v 0.183762 0.080363 0.070793
v 0.252136 0.085656 0.070793
v 0.246970 0.132165 0.070793
v 0.252383 0.121331 0.070793
v 0.165432 0.142346 0.070793
v 0.034313 0.142346 0.070793
v 0.015425 0.179749 0.070793
v 0.015425 0.179749 -0.072850
v 0.034313 0.142346 -0.072850
v 0.165432 0.142346 -0.072850
v 0.165432 0.142346 -0.072850
v 0.190271 0.179749 -0.072850
v 0.015425 0.179749 -0.072850
v 0.163618 -0.025739 -0.072850
v 0.198175 0.004247 -0.072850
v 0.205594 0.042614 -0.072850
v 0.239267 -0.084883 -0.072850
v 0.030691 -0.025739 -0.072850
v -0.355522 -0.084883 -0.072850
v -0.020411 0.062352 -0.072850
v -0.002802 0.062230 -0.072850
v -0.425823 0.062352 -0.072850
v -0.425823 0.006609 -0.072850
v 0.216833 0.033632 -0.072850
v 0.212679 0.037706 -0.072836
v -0.036313 0.062109 -0.072850
v -0.002802 0.062230 -0.072850
v 0.015425 0.179749 -0.072850
v 0.034313 0.142346 -0.072850
v 0.034313 0.142346 0.070793
v 0.165432 0.142346 0.070793
v 0.162109 0.135386 0.062431
v 0.037283 0.135386 0.062431
v 0.034313 0.142346 -0.072850
v 0.162109 0.135386 -0.064488
v 0.165432 0.142346 -0.072850
v 0.037283 0.135386 -0.064488
v 0.012435 0.186710 0.062431
v 0.012435 0.186710 -0.064488
v 0.193637 0.186710 -0.064488
v 0.193637 0.186710 0.062431
v 0.208301 0.139126 0.062431
v 0.208301 0.139126 -0.064488
v 0.249366 0.139126 0.062431
v 0.249366 0.139126 -0.064488
v -0.425823 0.062352 0.070793
v -0.023163 0.069313 0.062431
v -0.020411 0.062352 0.070793
v -0.430795 0.069313 0.062431
v -0.023163 0.069313 -0.064488
v -0.430795 0.069313 -0.064488
v -0.425823 0.062352 -0.072850
v -0.020411 0.062352 -0.072850
v 0.162109 0.135386 -0.064488
v 0.162109 0.135386 0.062431
v 0.180439 0.073403 -0.064488
v 0.037283 0.135386 0.062431
v 0.037283 0.135386 -0.064488
v 0.003781 0.061994 0.062431
v 0.003781 0.061994 -0.064488
v 0.180439 0.073403 0.062431
v 0.030691 -0.025739 0.070793
v 0.158221 -0.018778 0.062431
v 0.163618 -0.025739 0.070793
v 0.035580 -0.018778 0.062431
v 0.030691 -0.025739 -0.072850
v 0.163618 -0.025739 -0.072850
v 0.158221 -0.018778 -0.064488
v 0.035580 -0.018778 -0.064488
v -0.023163 0.069313 -0.064488
v -0.430795 0.069313 0.062431
v -0.430795 0.069313 -0.064488
v -0.023163 0.069313 0.062431
v 0.003781 0.061994 -0.064488
v 0.003781 0.061994 0.062431
v -0.023163 0.069313 -0.064488
v -0.002802 0.062230 -0.072850
v 0.003781 0.061994 -0.064488
v -0.020411 0.062352 -0.072850
v -0.023163 0.069313 0.062431
v 0.003781 0.061994 0.062431
v -0.002802 0.062230 0.070793
v -0.020411 0.062352 0.070793
v 0.416782 0.023333 0.062431
v 0.403101 0.049575 -0.064488
v 0.416782 0.023333 -0.064488
v 0.456124 0.022560 0.062431
v 0.403101 0.049575 0.062431
v 0.201396 0.049575 0.062431
v 0.201396 0.049575 -0.064488
v 0.158221 -0.018778 0.062431
v 0.158221 -0.018778 -0.064488
v 0.035580 -0.018778 0.062431
v 0.035580 -0.018778 -0.064488
v 0.003781 0.061994 0.062431
v 0.003781 0.061994 -0.064488
v 0.456124 0.022560 -0.064488
v 0.034313 0.142346 0.070793
v 0.003781 0.061994 0.062431
v -0.002802 0.062230 0.070793
v 0.034313 0.142346 -0.072850
v -0.002802 0.062230 -0.072850
v 0.003781 0.061994 -0.064488
v 0.037283 0.135386 -0.064488
v 0.034313 0.142346 0.070793
v 0.037283 0.135386 0.062431
v 0.003781 0.061994 0.062431
v 0.030691 -0.025739 0.070793
v -0.002802 0.062230 0.070793
v 0.003781 0.061994 0.062431
v 0.035580 -0.018778 0.062431
v 0.003781 0.061994 -0.064488
v -0.002802 0.062230 -0.072850
v 0.030691 -0.025739 -0.072850
v 0.035580 -0.018778 -0.064488
v 0.183762 0.080363 0.070793
v 0.162109 0.135386 0.062431
v 0.165432 0.142346 0.070793
v 0.162109 0.135386 -0.064488
v 0.180439 0.073403 -0.064488
v 0.183762 0.080363 -0.072850
v 0.204935 0.132165 -0.072850
v 0.190271 0.179749 -0.072850
v 0.165432 0.142346 -0.072850
v 0.183762 0.080363 -0.072850
v 0.252136 0.085656 -0.072850
v 0.246970 0.132165 -0.072850
v 0.252383 0.121331 -0.072850
v 0.246970 0.132165 0.070793
v 0.204935 0.132165 0.070793
v 0.208301 0.139126 0.062431
v 0.208301 0.139126 0.062431
v 0.249366 0.139126 0.062431
v 0.246970 0.132165 0.070793
v 0.208301 0.139126 -0.064488
v 0.246970 0.132165 -0.072850
v 0.249366 0.139126 -0.064488
v 0.204935 0.132165 -0.072850
v 0.246970 0.132165 -0.072850
v 0.252383 0.121331 -0.072850
v 0.257375 0.123728 -0.064488
v 0.249366 0.139126 -0.064488
v 0.257375 0.123728 0.062431
v 0.246970 0.132165 0.070793
v 0.249366 0.139126 0.062431
v 0.208301 0.139126 0.062431
v 0.190271 0.179749 0.070793
v 0.193637 0.186710 0.062431
v 0.190271 0.179749 0.070793
v 0.208301 0.139126 0.062431
v 0.204935 0.132165 0.070793
v 0.190271 0.179749 -0.072850
v 0.204935 0.132165 -0.072850
v 0.208301 0.139126 -0.064488
v 0.193637 0.186710 -0.064488
v 0.249366 0.139126 -0.064488
v 0.257375 0.123728 -0.064488
v 0.257375 0.123728 0.062431
v 0.249366 0.139126 0.062431
v 1.322717 -0.029574 0.073761
v 1.136388 -0.029620 0.073761
v 1.158602 0.118851 0.073761
v 1.526957 0.118851 0.073761
v 1.382780 -0.101616 0.073761
v 1.620325 0.006863 0.073761
v 1.439083 -0.298675 0.073761
v 1.620325 -0.535695 0.073761
v 1.429713 -0.434538 0.073761
v 1.007767 -0.535736 0.073761
v 1.056215 -0.434500 0.073761
v 0.930315 -0.230925 0.073761
v 1.024730 -0.051350 0.073761
v 0.795233 -0.208644 0.073761
v 0.944095 0.074490 0.073761
v 1.096630 0.074537 0.073761
v 1.106033 -0.051350 0.073761
v 1.883626 -0.453358 -0.084635
v 1.786843 -0.585333 -0.084635
v 1.786843 -0.585333 0.075907
v 1.883626 -0.453358 0.075907
v 1.638695 0.016654 -0.072445
v 1.638695 -0.557616 -0.072445
v 1.638695 -0.557616 0.063718
v 1.638695 0.016654 0.063718
v 1.707659 -0.123420 -0.084635
v 1.883626 -0.453358 -0.084635
v 1.883626 -0.453358 0.075907
v 1.707659 -0.123420 0.075907
v 1.734053 0.140531 -0.084635
v 1.734053 0.140531 0.075907
v 1.690062 0.195520 -0.084635
v 1.734053 0.140531 -0.084635
v 1.690062 0.195520 0.075907
v 1.734053 0.140531 0.075907
v 1.638695 0.016654 -0.072445
v 1.638695 0.016654 0.063718
v 1.534346 0.141814 -0.072445
v 1.534346 0.141814 0.063718
v 1.707659 -0.123420 -0.084635
v 1.734053 0.140531 -0.084635
v 1.712966 0.131486 -0.095612
v 1.712966 0.131486 -0.095612
v 1.686861 -0.129556 -0.095612
v 1.707659 -0.123420 -0.084635
v 1.707659 -0.123420 0.075907
v 1.686861 -0.129556 0.086884
v 1.712966 0.131486 0.086884
v 1.734053 0.140531 0.075907
v 1.786843 -0.585333 -0.084635
v 1.883626 -0.453358 -0.084635
v 1.858251 -0.450910 -0.095612
v 1.778619 -0.559499 -0.095612
v 1.786843 -0.585333 0.075907
v 1.858251 -0.450910 0.086884
v 1.883626 -0.453358 0.075907
v 1.858251 -0.450910 0.086884
v 1.786843 -0.585333 0.075907
v 1.778619 -0.559499 0.086884
v 1.638695 0.016654 -0.072445
v 1.620325 0.006863 -0.082488
v 1.620325 -0.535695 -0.082488
v 1.638695 -0.557616 -0.072445
v 1.638695 0.016654 0.063718
v 1.638695 -0.557616 0.063718
v 1.620325 -0.535695 0.073761
v 1.620325 0.006863 0.073761
v 0.822595 -0.277666 0.060665
v 0.901780 -0.178684 -0.069392
v 0.822595 -0.277666 -0.069392
v 0.901780 -0.178684 0.060665
v 0.942770 -0.013715 -0.069392
v 0.942770 -0.013715 0.060665
v 0.901780 -0.178684 -0.069392
v 1.707659 -0.123420 -0.084635
v 1.858251 -0.450910 -0.095612
v 1.883626 -0.453358 -0.084635
v 1.858251 -0.450910 -0.095612
v 1.707659 -0.123420 -0.084635
v 1.686861 -0.129556 -0.095612
v 1.707659 -0.123420 0.075907
v 1.883626 -0.453358 0.075907
v 1.858251 -0.450910 0.086884
v 1.858251 -0.450910 0.086884
v 1.686861 -0.129556 0.086884
v 1.707659 -0.123420 0.075907
v 1.690062 0.195520 -0.084635
v 1.712966 0.131486 -0.095612
v 1.734053 0.140531 -0.084635
v 1.681766 0.170486 -0.095612
v 1.690062 0.195520 0.075907
v 1.734053 0.140531 0.075907
v 1.712966 0.131486 0.086884
v 1.681766 0.170486 0.086884
v 0.901780 -0.178684 -0.069392
v 0.942770 -0.013715 -0.069392
v 0.923907 -0.032832 -0.079514
v 0.887756 -0.169179 -0.079514
v 1.534346 0.141814 -0.072445
v 1.526957 0.118851 -0.082488
v 1.620325 0.006863 -0.082488
v 1.638695 0.016654 -0.072445
v 1.534346 0.141814 0.063718
v 1.638695 0.016654 0.063718
v 1.620325 0.006863 0.073761
v 1.526957 0.118851 0.073761
v 0.816260 -0.258549 0.070786
v 0.887756 -0.169179 0.070786
v 0.901780 -0.178684 0.060665
v 0.822595 -0.277666 0.060665
v 0.923907 -0.032832 0.070786
v 0.942770 -0.013715 0.060665
v 1.038985 -0.530343 -0.050727
v 0.875101 -0.091818 -0.050727
v 0.860189 -0.114478 -0.067603
v 1.019156 -0.521743 -0.067603
v 1.038985 -0.530343 0.041999
v 0.860189 -0.114478 0.058876
v 0.875101 -0.091818 0.041999
v 1.019156 -0.521743 0.058876
v 0.816260 -0.258549 -0.079514
v 0.822595 -0.277666 -0.069392
v 0.901780 -0.178684 -0.069392
v 0.887756 -0.169179 -0.079514
v 0.997297 -0.557616 -0.072445
v 1.638695 -0.557616 0.063718
v 1.638695 -0.557616 -0.072445
v 0.997297 -0.557616 0.063718
v 1.786843 -0.585333 -0.084635
v 1.540490 -0.563337 -0.084635
v 1.540490 -0.563337 0.075907
v 1.786843 -0.585333 0.075907
v 0.997297 -0.557616 -0.072445
v 1.638695 -0.557616 -0.072445
v 1.620325 -0.535695 -0.082488
v 1.007767 -0.535736 -0.082488
v 0.997297 -0.557616 0.063718
v 1.620325 -0.535695 0.073761
v 1.638695 -0.557616 0.063718
v 1.007767 -0.535736 0.073761
v 1.786843 -0.585333 -0.084635
v 1.778619 -0.559499 -0.095612
v 1.559607 -0.539944 -0.095612
v 1.559607 -0.539944 -0.095612
v 1.540490 -0.563337 -0.084635
v 1.786843 -0.585333 -0.084635
v 1.786843 -0.585333 0.075907
v 1.540490 -0.563337 0.075907
v 1.559607 -0.539944 0.086884
v 1.559607 -0.539944 0.086884
v 1.778619 -0.559499 0.086884
v 1.786843 -0.585333 0.075907
v 0.953268 -0.229081 -0.072445
v 0.953268 -0.229081 0.063718
v 1.034638 -0.074314 -0.072445
v 1.066738 -0.412508 0.063718
v 1.066738 -0.412508 -0.072445
v 1.034638 -0.074314 0.063718
v 1.112596 -0.074314 0.063718
v 1.112596 -0.074314 -0.072445
v 1.144696 -0.051385 0.063718
v 1.144696 -0.051385 -0.072445
v 1.314367 -0.051385 0.063718
v 1.314367 -0.051385 -0.072445
v 1.366935 -0.114439 0.063718
v 1.366935 -0.114439 -0.072445
v 1.420435 -0.301687 0.063718
v 1.420435 -0.301687 -0.072445
v 1.412792 -0.412508 -0.072445
v 1.412792 -0.412508 0.063718
v 1.574896 0.103654 -0.095612
v 1.686861 -0.129556 -0.095612
v 1.712966 0.131486 -0.095612
v 1.635999 0.170486 -0.095612
v 1.491718 -0.156277 -0.095612
v 1.551523 -0.337828 -0.095612
v 1.858251 -0.450910 -0.095612
v 1.778619 -0.559499 -0.095612
v 1.559607 -0.539944 -0.095612
v 1.681766 0.170486 -0.095612
v 1.574896 0.103654 0.086884
v 1.635999 0.170486 0.086884
v 1.712966 0.131486 0.086884
v 1.686861 -0.129556 0.086884
v 1.491718 -0.156277 0.086884
v 1.551523 -0.337828 0.086884
v 1.858251 -0.450910 0.086884
v 1.778619 -0.559499 0.086884
v 1.559607 -0.539944 0.086884
v 1.681766 0.170486 0.086884
v 1.628474 0.195520 -0.084635
v 1.681766 0.170486 -0.095612
v 1.690062 0.195520 -0.084635
v 1.635999 0.170486 -0.095612
v 1.681766 0.170486 0.086884
v 1.635999 0.170486 0.086884
v 1.628474 0.195520 0.075907
v 1.690062 0.195520 0.075907
v 1.096630 0.074537 -0.082488
v 0.944095 0.074490 -0.082488
v 1.024730 -0.051350 -0.082488
v 1.106033 -0.051350 -0.082488
v 1.136388 -0.029620 -0.082488
v 1.158602 0.118851 -0.082488
v 1.322717 -0.029574 -0.082488
v 1.526957 0.118851 -0.082488
v 1.382780 -0.101616 -0.082488
v 1.620325 0.006863 -0.082488
v 1.620325 -0.535695 -0.082488
v 1.439083 -0.298675 -0.082488
v 1.429713 -0.434538 -0.082488
v 1.007767 -0.535736 -0.082488
v 1.056215 -0.434500 -0.082488
v 0.930315 -0.230925 -0.082488
v 0.795233 -0.208644 -0.082488
v 1.106033 -0.051350 -0.082488
v 1.024730 -0.051350 -0.082488
v 1.034638 -0.074314 -0.072445
v 1.112596 -0.074314 -0.072445
v 1.144696 -0.051385 -0.072445
v 1.136388 -0.029620 -0.082488
v 1.314367 -0.051385 -0.072445
v 1.322717 -0.029574 -0.082488
v 1.382780 -0.101616 -0.082488
v 1.366935 -0.114439 -0.072445
v 1.439083 -0.298675 -0.082488
v 1.412792 -0.412508 -0.072445
v 1.420435 -0.301687 -0.072445
v 1.429713 -0.434538 -0.082488
v 1.056215 -0.434500 -0.082488
v 0.953268 -0.229081 -0.072445
v 1.066738 -0.412508 -0.072445
v 0.930315 -0.230925 -0.082488
v 1.056215 -0.434500 0.073761
v 1.412792 -0.412508 0.063718
v 1.429713 -0.434538 0.073761
v 1.066738 -0.412508 0.063718
v 0.953268 -0.229081 0.063718
v 0.930315 -0.230925 0.073761
v 1.024730 -0.051350 0.073761
v 1.034638 -0.074314 0.063718
v 1.106033 -0.051350 0.073761
v 1.112596 -0.074314 0.063718
v 1.144696 -0.051385 0.063718
v 1.136388 -0.029620 0.073761
v 1.314367 -0.051385 0.063718
v 1.322717 -0.029574 0.073761
v 1.382780 -0.101616 0.073761
v 1.439083 -0.298675 0.073761
v 1.366935 -0.114439 0.063718
v 1.420435 -0.301687 0.063718
v 1.526957 0.118851 -0.082488
v 1.534346 0.141814 -0.072445
v 1.152039 0.141814 -0.072445
v 1.152039 0.141814 -0.072445
v 1.158602 0.118851 -0.082488
v 1.526957 0.118851 -0.082488
v 1.526957 0.118851 0.073761
v 1.158602 0.118851 0.073761
v 1.152039 0.141814 0.063718
v 1.152039 0.141814 0.063718
v 1.534346 0.141814 0.063718
v 1.526957 0.118851 0.073761
v 1.088322 0.096301 -0.072445
v 0.933579 0.096301 -0.072445
v 0.944095 0.074490 -0.082488
v 0.944095 0.074490 -0.082488
v 1.096630 0.074537 -0.082488
v 1.088322 0.096301 -0.072445
v 0.944095 0.074490 0.073761
v 1.088322 0.096301 0.063718
v 1.096630 0.074537 0.073761
v 0.944095 0.074490 0.073761
v 0.933579 0.096301 0.063718
v 1.088322 0.096301 0.063718
v 1.152039 0.141814 0.063718
v 1.152039 0.141814 -0.072445
v 1.534346 0.141814 0.063718
v 1.088322 0.096301 -0.072445
v 1.088322 0.096301 0.063718
v 0.933579 0.096301 -0.072445
v 0.933579 0.096301 0.063718
v 1.534346 0.141814 -0.072445
v 0.795233 -0.208644 -0.082488
v 0.997297 -0.557616 -0.072445
v 1.007767 -0.535736 -0.082488
v 0.772060 -0.210909 -0.072445
v 0.997297 -0.557616 0.063718
v 0.772060 -0.210909 0.063718
v 0.795233 -0.208644 0.073761
v 1.007767 -0.535736 0.073761
v 1.158602 0.118851 -0.082488
v 1.088322 0.096301 -0.072445
v 1.096630 0.074537 -0.082488
v 1.088322 0.096301 -0.072445
v 1.158602 0.118851 -0.082488
v 1.152039 0.141814 -0.072445
v 1.158602 0.118851 0.073761
v 1.096630 0.074537 0.073761
v 1.088322 0.096301 0.063718
v 1.088322 0.096301 0.063718
v 1.152039 0.141814 0.063718
v 1.158602 0.118851 0.073761
v 0.795233 -0.208644 -0.082488
v 0.944095 0.074490 -0.082488
v 0.933579 0.096301 -0.072445
v 0.772060 -0.210909 -0.072445
v 0.933579 0.096301 0.063718
v 0.795233 -0.208644 0.073761
v 0.772060 -0.210909 0.063718
v 0.944095 0.074490 0.073761
v 1.066738 -0.412508 -0.072445
v 1.412792 -0.412508 -0.072445
v 1.412792 -0.412508 0.063718
v 1.066738 -0.412508 0.063718
v 0.772060 -0.210909 -0.072445
v 0.772060 -0.210909 0.063718
v 0.997297 -0.557616 -0.072445
v 0.997297 -0.557616 0.063718
v 1.558086 0.118535 -0.084635
v 1.574896 0.103654 -0.095612
v 1.635999 0.170486 -0.095612
v 1.628474 0.195520 -0.084635
v 1.558086 0.118535 0.075907
v 1.628474 0.195520 0.075907
v 1.635999 0.170486 0.086884
v 1.574896 0.103654 0.086884
v 1.531691 -0.343378 -0.084635
v 1.491718 -0.156277 -0.095612
v 1.470104 -0.156413 -0.084635
v 1.491718 -0.156277 -0.095612
v 1.531691 -0.343378 -0.084635
v 1.551523 -0.337828 -0.095612
v 1.531691 -0.343378 0.075907
v 1.470104 -0.156413 0.075907
v 1.491718 -0.156277 0.086884
v 1.551523 -0.337828 0.086884
v 1.558086 0.118535 -0.084635
v 1.470104 -0.156413 -0.084635
v 1.491718 -0.156277 -0.095612
v 1.574896 0.103654 -0.095612
v 1.558086 0.118535 0.075907
v 1.491718 -0.156277 0.086884
v 1.470104 -0.156413 0.075907
v 1.574896 0.103654 0.086884
v 1.531691 -0.343378 -0.084635
v 1.540490 -0.563337 -0.084635
v 1.559607 -0.539944 -0.095612
v 1.551523 -0.337828 -0.095612
v 1.531691 -0.343378 0.075907
v 1.559607 -0.539944 0.086884
v 1.540490 -0.563337 0.075907
v 1.559607 -0.539944 0.086884
v 1.531691 -0.343378 0.075907
v 1.551523 -0.337828 0.086884
v 0.933579 0.096301 -0.072445
v 0.933579 0.096301 0.063718
v 0.772060 -0.210909 -0.072445
v 0.772060 -0.210909 0.063718
v 1.531691 -0.343378 -0.084635
v 1.470104 -0.156413 -0.084635
v 1.470104 -0.156413 0.075907
v 1.531691 -0.343378 0.075907
v 1.540490 -0.563337 -0.084635
v 1.540490 -0.563337 0.075907
v 1.558086 0.118535 0.075907
v 1.558086 0.118535 -0.084635
v 1.628474 0.195520 0.075907
v 1.628474 0.195520 -0.084635
v 1.690062 0.195520 -0.084635
v 1.690062 0.195520 0.075907
v 0.177342 -0.068625 0.071377
v 0.177342 0.151334 0.071377
v 0.177342 -0.068625 -0.073796
v 0.177342 0.151334 -0.073796
v 0.499948 -0.068625 0.071377
v 0.499948 0.151334 0.071377
v 0.499948 -0.068625 -0.073796
v 0.499948 0.151334 -0.073796
v -0.270436 -0.556971 0.017847
v -0.258295 -0.556971 0.012818
v -0.241417 -0.556971 0.029696
v -0.270436 -0.556971 0.041716
v -0.299455 -0.556971 0.029696
v -0.282577 -0.556971 0.012818
v -0.287607 -0.556971 0.000677
v -0.311475 -0.556971 0.000677
v -0.299455 -0.556971 -0.028342
v -0.282577 -0.556971 -0.011465
v -0.270436 -0.556971 -0.016494
v -0.241417 -0.556971 -0.028342
v -0.258295 -0.556971 -0.011465
v -0.270436 -0.556971 -0.040362
v -0.253265 -0.556971 0.000677
v -0.229397 -0.556971 0.000677
v -0.207258 -0.863358 -0.077987
v -0.208776 -0.869467 -0.079380
v -0.208826 -0.871441 -0.077987
v -0.208750 -0.864184 -0.079380
v -0.344354 -0.614178 0.016074
v -0.335546 -0.638376 0.016074
v -0.372374 -0.640703 0.016074
v -0.296497 -0.612910 0.016074
v -0.296497 -0.639902 0.016074
v -0.348740 -0.652661 0.016074
v -0.373165 -0.754252 0.016074
v -0.347883 -0.744823 0.016074
v -0.326837 -0.782295 0.016074
v -0.306410 -0.759013 0.016074
v -0.290037 -0.793307 0.016074
v -0.302775 -0.819181 0.016074
v -0.270436 -0.819162 0.016074
v -0.270436 -0.793340 0.016074
v -0.250835 -0.793307 0.016074
v -0.238097 -0.819181 0.016074
v -0.214035 -0.782295 0.016074
v -0.234462 -0.759013 0.016074
v -0.192989 -0.744823 0.016074
v -0.167707 -0.754252 0.016074
v -0.192132 -0.652661 0.016074
v -0.168498 -0.640703 0.016074
v -0.205325 -0.638376 0.016074
v -0.196518 -0.614178 0.016074
v -0.244375 -0.612910 0.016074
v -0.244375 -0.639902 0.016074
v -0.270436 -0.731130 0.012460
v -0.262104 -0.731130 0.009009
v -0.265576 -0.745413 0.005537
v -0.270436 -0.745413 0.007549
v -0.275296 -0.745413 0.005537
v -0.278768 -0.731130 0.009009
v -0.282220 -0.731130 0.000677
v -0.277309 -0.745413 0.000677
v -0.275296 -0.745413 -0.004183
v -0.278768 -0.731130 -0.007655
v -0.270436 -0.731130 -0.011107
v -0.265576 -0.745413 -0.004183
v -0.262104 -0.731130 -0.007655
v -0.270436 -0.745413 -0.006196
v -0.270436 -0.749923 0.000677
v -0.263563 -0.745413 0.000677
v -0.258652 -0.731130 0.000677
v -0.285267 -0.731130 0.000677
v -0.280923 -0.731130 0.011164
v -0.278768 -0.731130 0.009009
v -0.282220 -0.731130 0.000677
v -0.278768 -0.731130 -0.007655
v -0.280923 -0.731130 -0.009810
v -0.270436 -0.731130 -0.011107
v -0.270436 -0.731130 -0.014154
v -0.262104 -0.731130 -0.007655
v -0.259949 -0.731130 -0.009810
v -0.255605 -0.731130 0.000677
v -0.262104 -0.731130 0.009009
v -0.259949 -0.731130 0.011164
v -0.258652 -0.731130 0.000677
v -0.270436 -0.731130 0.015508
v -0.270436 -0.731130 0.012460
v -0.255605 -0.731130 0.000677
v -0.259949 -0.731130 0.011164
v -0.252263 -0.716846 0.000677
v -0.259949 -0.731130 -0.009810
v -0.257586 -0.716846 -0.012173
v -0.270436 -0.716846 -0.017496
v -0.270436 -0.731130 -0.014154
v -0.280923 -0.731130 -0.009810
v -0.283286 -0.716846 -0.012173
v -0.288609 -0.716846 0.000677
v -0.285267 -0.731130 0.000677
v -0.280923 -0.731130 0.011164
v -0.270436 -0.716846 0.018849
v -0.270436 -0.731130 0.015508
v -0.283286 -0.716846 0.013527
v -0.257586 -0.716846 0.013527
v -0.270436 -0.716846 0.018849
v -0.283286 -0.716846 0.013527
v -0.286554 -0.716846 0.016795
v -0.270436 -0.716846 0.023472
v -0.254318 -0.716846 0.016795
v -0.257586 -0.716846 0.013527
v -0.252263 -0.716846 0.000677
v -0.247641 -0.716846 0.000677
v -0.254318 -0.716846 -0.015442
v -0.257586 -0.716846 -0.012173
v -0.270436 -0.716846 -0.017496
v -0.286554 -0.716846 -0.015442
v -0.283286 -0.716846 -0.012173
v -0.270436 -0.716846 -0.022118
v -0.288609 -0.716846 0.000677
v -0.293231 -0.716846 0.000677
v -0.380064 -0.636811 -0.009488
v -0.347340 -0.605974 -0.009488
v -0.347340 -0.605974 0.010841
v -0.380064 -0.636811 0.010841
v -0.381047 -0.757192 -0.009488
v -0.381047 -0.757192 0.010841
v -0.331353 -0.787444 -0.009488
v -0.331353 -0.787444 0.010841
v -0.306202 -0.826142 -0.009488
v -0.306202 -0.826142 0.010841
v -0.270436 -0.826142 -0.009488
v -0.270436 -0.826142 0.010841
v -0.234669 -0.826142 0.010841
v -0.234669 -0.826142 -0.009488
v -0.209519 -0.787444 0.010841
v -0.209519 -0.787444 -0.009488
v -0.159825 -0.757192 0.010841
v -0.159825 -0.757192 -0.009488
v -0.160807 -0.636811 0.010841
v -0.160807 -0.636811 -0.009488
v -0.193532 -0.605974 0.010841
v -0.193532 -0.605974 -0.009488
v -0.244375 -0.604647 -0.009488
v -0.244375 -0.604647 0.010841
v -0.296497 -0.604647 -0.009488
v -0.296497 -0.604647 0.010841
v -0.254318 -0.716846 -0.015442
v -0.247641 -0.716846 0.000677
v -0.235633 -0.700684 0.000677
v -0.245826 -0.700684 -0.023933
v -0.270436 -0.700684 -0.034126
v -0.270436 -0.716846 -0.022118
v -0.286554 -0.716846 -0.015442
v -0.295046 -0.700684 -0.023933
v -0.305239 -0.700684 0.000677
v -0.293231 -0.716846 0.000677
v -0.286554 -0.716846 0.016795
v -0.270436 -0.700684 0.035480
v -0.270436 -0.716846 0.023472
v -0.295046 -0.700684 0.025286
v -0.254318 -0.716846 0.016795
v -0.245826 -0.700684 0.025286
v -0.239001 -0.700684 0.032111
v -0.225981 -0.700684 0.000677
v -0.235633 -0.700684 0.000677
v -0.245826 -0.700684 0.025286
v -0.270436 -0.700684 0.035480
v -0.270436 -0.700684 0.045132
v -0.301870 -0.700684 0.032111
v -0.295046 -0.700684 0.025286
v -0.305239 -0.700684 0.000677
v -0.314891 -0.700684 0.000677
v -0.301870 -0.700684 -0.030758
v -0.270436 -0.700684 -0.034126
v -0.270436 -0.700684 -0.043778
v -0.295046 -0.700684 -0.023933
v -0.239001 -0.700684 -0.030758
v -0.245826 -0.700684 -0.023933
v -0.242602 -0.669110 0.000677
v -0.250754 -0.669110 0.020358
v -0.226216 -0.651068 0.000677
v -0.250754 -0.669110 -0.019005
v -0.239168 -0.651068 -0.030592
v -0.270436 -0.651068 -0.043544
v -0.270436 -0.669110 -0.027157
v -0.290118 -0.669110 -0.019005
v -0.301704 -0.651068 -0.030592
v -0.314656 -0.651068 0.000677
v -0.298270 -0.669110 0.000677
v -0.290118 -0.669110 0.020358
v -0.270436 -0.651068 0.044897
v -0.270436 -0.669110 0.028511
v -0.301704 -0.651068 0.031945
v -0.239168 -0.651068 0.031945
v -0.241417 -0.570544 0.029696
v -0.229397 -0.570544 0.000677
v -0.239970 -0.570544 0.000677
v -0.248893 -0.570544 0.022220
v -0.270436 -0.570544 0.041716
v -0.270436 -0.570544 0.031143
v -0.291979 -0.570544 0.022220
v -0.299455 -0.570544 0.029696
v -0.300902 -0.570544 0.000677
v -0.311475 -0.570544 0.000677
v -0.299455 -0.570544 -0.028342
v -0.270436 -0.570544 -0.040362
v -0.291979 -0.570544 -0.020866
v -0.270436 -0.570544 -0.029789
v -0.248893 -0.570544 -0.020866
v -0.241417 -0.570544 -0.028342
v -0.344354 -0.614178 0.016074
v -0.347340 -0.605974 0.010841
v -0.296497 -0.604647 0.010841
v -0.296497 -0.612910 0.016074
v -0.380064 -0.636811 0.010841
v -0.372374 -0.640703 0.016074
v -0.381047 -0.757192 0.010841
v -0.373165 -0.754252 0.016074
v -0.331353 -0.787444 0.010841
v -0.326837 -0.782295 0.016074
v -0.302775 -0.819181 0.016074
v -0.306202 -0.826142 0.010841
v -0.270436 -0.826142 0.010841
v -0.270436 -0.819162 0.016074
v -0.238097 -0.819181 0.016074
v -0.234669 -0.826142 0.010841
v -0.209519 -0.787444 0.010841
v -0.214035 -0.782295 0.016074
v -0.167707 -0.754252 0.016074
v -0.159825 -0.757192 0.010841
v -0.168498 -0.640703 0.016074
v -0.160807 -0.636811 0.010841
v -0.196518 -0.614178 0.016074
v -0.193532 -0.605974 0.010841
v -0.244375 -0.604647 0.010841
v -0.244375 -0.612910 0.016074
v -0.296497 -0.604647 -0.009488
v -0.347340 -0.605974 -0.009488
v -0.344354 -0.614178 -0.014720
v -0.296497 -0.612910 -0.014720
v -0.380064 -0.636811 -0.009488
v -0.372374 -0.640703 -0.014720
v -0.381047 -0.757192 -0.009488
v -0.373165 -0.754252 -0.014720
v -0.331353 -0.787444 -0.009488
v -0.326837 -0.782295 -0.014720
v -0.302775 -0.819181 -0.014720
v -0.306202 -0.826142 -0.009488
v -0.270436 -0.826142 -0.009488
v -0.270436 -0.819162 -0.014720
v -0.238097 -0.819181 -0.014720
v -0.234669 -0.826142 -0.009488
v -0.209519 -0.787444 -0.009488
v -0.214035 -0.782295 -0.014720
v -0.167707 -0.754252 -0.014720
v -0.159825 -0.757192 -0.009488
v -0.168498 -0.640703 -0.014720
v -0.160807 -0.636811 -0.009488
v -0.196518 -0.614178 -0.014720
v -0.193532 -0.605974 -0.009488
v -0.244375 -0.604647 -0.009488
v -0.244375 -0.612910 -0.014720
v -0.296497 -0.612910 -0.014720
v -0.344354 -0.614178 -0.014720
v -0.335546 -0.638376 -0.014720
v -0.296497 -0.639902 -0.014720
v -0.372374 -0.640703 -0.014720
v -0.348740 -0.652661 -0.014720
v -0.373165 -0.754252 -0.014720
v -0.347883 -0.744823 -0.014720
v -0.326837 -0.782295 -0.014720
v -0.306410 -0.759013 -0.014720
v -0.290037 -0.793307 -0.014720
v -0.302775 -0.819181 -0.014720
v -0.270436 -0.819162 -0.014720
v -0.270436 -0.793340 -0.014720
v -0.250835 -0.793307 -0.014720
v -0.238097 -0.819181 -0.014720
v -0.214035 -0.782295 -0.014720
v -0.234462 -0.759013 -0.014720
v -0.192989 -0.744823 -0.014720
v -0.167707 -0.754252 -0.014720
v -0.192132 -0.652661 -0.014720
v -0.168498 -0.640703 -0.014720
v -0.205325 -0.638376 -0.014720
v -0.196518 -0.614178 -0.014720
v -0.244375 -0.612910 -0.014720
v -0.244375 -0.639902 -0.014720
v -0.270436 -0.651068 0.044897
v -0.270436 -0.589860 0.044897
v -0.239168 -0.589860 0.031945
v -0.239168 -0.651068 0.031945
v -0.301704 -0.651068 0.031945
v -0.301704 -0.589860 0.031945
v -0.314656 -0.651068 0.000677
v -0.314656 -0.589860 0.000677
v -0.301704 -0.651068 -0.030592
v -0.301704 -0.589860 -0.030592
v -0.270436 -0.651068 -0.043544
v -0.270436 -0.589860 -0.043544
v -0.239168 -0.651068 -0.030592
v -0.226216 -0.651068 0.000677
v -0.239168 -0.589860 -0.030592
v -0.226216 -0.589860 0.000677
v -0.270436 -0.675500 -0.027157
v -0.270436 -0.669110 -0.027157
v -0.290118 -0.669110 -0.019005
v -0.290118 -0.675500 -0.019005
v -0.250754 -0.675500 -0.019005
v -0.250754 -0.669110 -0.019005
v -0.242602 -0.675500 0.000677
v -0.242602 -0.669110 0.000677
v -0.250754 -0.675500 0.020358
v -0.250754 -0.669110 0.020358
v -0.270436 -0.675500 0.028511
v -0.270436 -0.669110 0.028511
v -0.290118 -0.675500 0.020358
v -0.290118 -0.669110 0.020358
v -0.298270 -0.675500 0.000677
v -0.298270 -0.669110 0.000677
v -0.299455 -0.570544 -0.028342
v -0.299455 -0.556971 -0.028342
v -0.311475 -0.556971 0.000677
v -0.311475 -0.570544 0.000677
v -0.270436 -0.570544 -0.040362
v -0.270436 -0.556971 -0.040362
v -0.241417 -0.570544 -0.028342
v -0.241417 -0.556971 -0.028342
v -0.229397 -0.570544 0.000677
v -0.229397 -0.556971 0.000677
v -0.241417 -0.570544 0.029696
v -0.241417 -0.556971 0.029696
v -0.270436 -0.570544 0.041716
v -0.270436 -0.556971 0.041716
v -0.299455 -0.570544 0.029696
v -0.299455 -0.556971 0.029696
v -0.239001 -0.700684 -0.030758
v -0.239001 -0.683394 -0.030758
v -0.270436 -0.683394 -0.043778
v -0.270436 -0.700684 -0.043778
v -0.225981 -0.700684 0.000677
v -0.225981 -0.683394 0.000677
v -0.239001 -0.700684 0.032111
v -0.239001 -0.683394 0.032111
v -0.270436 -0.700684 0.045132
v -0.270436 -0.683394 0.045132
v -0.301870 -0.700684 0.032111
v -0.301870 -0.683394 0.032111
v -0.314891 -0.700684 0.000677
v -0.314891 -0.683394 0.000677
v -0.301870 -0.700684 -0.030758
v -0.301870 -0.683394 -0.030758
v -0.296497 -0.639902 -0.014720
v -0.335546 -0.638376 -0.014720
v -0.332294 -0.647312 -0.009488
v -0.296497 -0.648639 -0.009488
v -0.348740 -0.652661 -0.014720
v -0.340811 -0.656672 -0.009488
v -0.347883 -0.744823 -0.014720
v -0.339829 -0.741819 -0.009488
v -0.306410 -0.759013 -0.014720
v -0.302341 -0.754375 -0.009488
v -0.286772 -0.786674 -0.009488
v -0.290037 -0.793307 -0.014720
v -0.270436 -0.793340 -0.014720
v -0.270436 -0.786674 -0.009488
v -0.254100 -0.786674 -0.009488
v -0.250835 -0.793307 -0.014720
v -0.234462 -0.759013 -0.014720
v -0.238531 -0.754375 -0.009488
v -0.201043 -0.741819 -0.009488
v -0.192989 -0.744823 -0.014720
v -0.200061 -0.656673 -0.009488
v -0.192132 -0.652661 -0.014720
v -0.208578 -0.647312 -0.009488
v -0.205325 -0.638376 -0.014720
v -0.244375 -0.639902 -0.014720
v -0.244375 -0.648639 -0.009488
v -0.332294 -0.647312 0.010841
v -0.335546 -0.638376 0.016074
v -0.296497 -0.639902 0.016074
v -0.296497 -0.648639 0.010841
v -0.348740 -0.652661 0.016074
v -0.340811 -0.656672 0.010841
v -0.347883 -0.744823 0.016074
v -0.339829 -0.741819 0.010841
v -0.306410 -0.759013 0.016074
v -0.302341 -0.754375 0.010841
v -0.286772 -0.786674 0.010841
v -0.290037 -0.793307 0.016074
v -0.270436 -0.793340 0.016074
v -0.270436 -0.786674 0.010841
v -0.254100 -0.786674 0.010841
v -0.250835 -0.793307 0.016074
v -0.234462 -0.759013 0.016074
v -0.238531 -0.754375 0.010841
v -0.201043 -0.741819 0.010841
v -0.192989 -0.744823 0.016074
v -0.200061 -0.656673 0.010841
v -0.192132 -0.652661 0.016074
v -0.208578 -0.647312 0.010841
v -0.205325 -0.638376 0.016074
v -0.244375 -0.639902 0.016074
v -0.244375 -0.648639 0.010841
v -0.244375 -0.648639 -0.009488
v -0.244375 -0.639902 -0.014720
v -0.244375 -0.639902 0.016074
v -0.244375 -0.648639 0.010841
v -0.244375 -0.612910 -0.014720
v -0.244375 -0.612910 0.016074
v -0.244375 -0.604647 0.010841
v -0.244375 -0.604647 -0.009488
v -0.296497 -0.604647 -0.009488
v -0.296497 -0.612910 -0.014720
v -0.296497 -0.604647 0.010841
v -0.296497 -0.612910 0.016074
v -0.296497 -0.639902 -0.014720
v -0.296497 -0.639902 0.016074
v -0.296497 -0.648639 -0.009488
v -0.296497 -0.648639 0.010841
v -0.270436 -0.589860 -0.043544
v -0.270436 -0.570544 -0.029789
v -0.291979 -0.570544 -0.020866
v -0.248893 -0.570544 -0.020866
v -0.301704 -0.589860 -0.030592
v -0.239168 -0.589860 -0.030592
v -0.226216 -0.589860 0.000677
v -0.239970 -0.570544 0.000677
v -0.248893 -0.570544 0.022220
v -0.239168 -0.589860 0.031945
v -0.270436 -0.589860 0.044897
v -0.301704 -0.589860 0.031945
v -0.291979 -0.570544 0.022220
v -0.270436 -0.570544 0.031143
v -0.314656 -0.589860 0.000677
v -0.300902 -0.570544 0.000677
v -0.270436 -0.683394 0.045132
v -0.270436 -0.675500 0.028511
v -0.250754 -0.675500 0.020358
v -0.290118 -0.675500 0.020358
v -0.239001 -0.683394 0.032111
v -0.301870 -0.683394 0.032111
v -0.314891 -0.683394 0.000677
v -0.298270 -0.675500 0.000677
v -0.290118 -0.675500 -0.019005
v -0.301870 -0.683394 -0.030758
v -0.270436 -0.683394 -0.043778
v -0.239001 -0.683394 -0.030758
v -0.250754 -0.675500 -0.019005
v -0.270436 -0.675500 -0.027157
v -0.225981 -0.683394 0.000677
v -0.242602 -0.675500 0.000677
v -0.340811 -0.656672 0.010841
v -0.340811 -0.656672 -0.009488
v -0.339829 -0.741819 0.010841
v -0.332294 -0.647312 -0.009488
v -0.332294 -0.647312 0.010841
v -0.296497 -0.648639 0.010841
v -0.296497 -0.648639 -0.009488
v -0.339829 -0.741819 -0.009488
v -0.302341 -0.754375 0.010841
v -0.302341 -0.754375 -0.009488
v -0.286772 -0.786674 0.010841
v -0.286772 -0.786674 -0.009488
v -0.270436 -0.786674 0.010841
v -0.270436 -0.786674 -0.009488
v -0.254100 -0.786674 -0.009488
v -0.254100 -0.786674 0.010841
v -0.238531 -0.754375 -0.009488
v -0.238531 -0.754375 0.010841
v -0.201043 -0.741819 -0.009488
v -0.201043 -0.741819 0.010841
v -0.200061 -0.656673 -0.009488
v -0.200061 -0.656673 0.010841
v -0.208578 -0.647312 -0.009488
v -0.208578 -0.647312 0.010841
v -0.244375 -0.648639 0.010841
v -0.244375 -0.648639 -0.009488
v -0.233092 -0.608841 0.000247
v -0.244297 -0.608841 -0.026803
v -0.255117 -0.608841 -0.015983
v -0.248394 -0.608841 0.000247
v -0.255117 -0.608841 0.016477
v -0.244297 -0.608841 0.027297
v -0.271347 -0.608841 0.023200
v -0.271347 -0.608841 0.038502
v -0.271347 -0.608841 -0.038008
v -0.271347 -0.608841 -0.022706
v -0.298397 -0.608841 -0.026804
v -0.287577 -0.608841 -0.015983
v -0.309602 -0.608841 0.000247
v -0.294300 -0.608841 0.000247
v -0.287577 -0.608841 0.016477
v -0.298397 -0.608841 0.027297
v -0.271347 -0.608841 0.023200
v -0.271347 -0.608841 0.038502
v -0.271347 -0.608841 0.038502
v -0.298397 -0.608841 0.027297
v -0.271347 -0.602242 0.048066
v -0.305160 -0.602242 0.034060
v -0.319165 -0.602242 0.000247
v -0.309602 -0.608841 0.000247
v -0.298397 -0.608841 -0.026804
v -0.305160 -0.602242 -0.033566
v -0.271347 -0.602242 -0.047572
v -0.271347 -0.608841 -0.038008
v -0.244297 -0.608841 -0.026803
v -0.237534 -0.602242 -0.033566
v -0.223528 -0.602242 0.000247
v -0.233092 -0.608841 0.000247
v -0.244297 -0.608841 0.027297
v -0.237534 -0.602242 0.034060
v -0.271347 -0.602242 0.048066
v -0.271347 -0.608841 0.038502
v -0.271347 -0.511238 -0.022706
v -0.294300 -0.511238 0.000247
v -0.248394 -0.511238 0.000247
v -0.255117 -0.511238 -0.015983
v -0.287577 -0.511238 -0.015983
v -0.271347 -0.511238 0.023200
v -0.255117 -0.511238 0.016478
v -0.287577 -0.511238 0.016478
v -0.294300 -0.511238 0.000247
v -0.294300 -0.608841 0.000247
v -0.287577 -0.608841 0.016477
v -0.287577 -0.511238 0.016478
v -0.287577 -0.511238 -0.015983
v -0.287577 -0.608841 -0.015983
v -0.271347 -0.511238 -0.022706
v -0.271347 -0.608841 -0.022706
v -0.255117 -0.511238 -0.015983
v -0.255117 -0.608841 -0.015983
v -0.248394 -0.608841 0.000247
v -0.248394 -0.511238 0.000247
v -0.255117 -0.608841 0.016477
v -0.255117 -0.511238 0.016478
v -0.271347 -0.511238 0.023200
v -0.271347 -0.608841 0.023200
v -0.271347 -0.608841 0.023200
v -0.271347 -0.511238 0.023200
v -0.227718 -0.125002 -0.044367
v -0.267569 -0.125002 -0.062341
v -0.227718 -0.340750 -0.044367
v -0.211211 -0.340750 -0.000974
v -0.211211 -0.125002 -0.000974
v -0.227718 -0.340750 0.042419
v -0.227718 -0.125002 0.042419
v -0.267569 -0.340750 0.060393
v -0.267569 -0.125002 0.060393
v -0.267569 -0.340750 -0.062341
v -0.307420 -0.125002 -0.044367
v -0.307420 -0.340750 -0.044367
v -0.323926 -0.125002 -0.000974
v -0.323926 -0.340750 -0.000974
v -0.307420 -0.125002 0.042419
v -0.307420 -0.340750 0.042419
v -0.267569 -0.125002 0.060393
v -0.267569 -0.340750 0.060393
v -0.265717 -0.509764 -0.052643
v -0.265717 -0.143166 -0.052643
v -0.256522 -0.509764 -0.051657
v -0.256522 -0.143166 -0.051657
v -0.247680 -0.509764 -0.048737
v -0.247680 -0.143166 -0.048737
v -0.239531 -0.509764 -0.043994
v -0.239531 -0.143166 -0.043994
v -0.232388 -0.509764 -0.037611
v -0.232388 -0.143166 -0.037611
v -0.226527 -0.509764 -0.029834
v -0.226527 -0.143166 -0.029834
v -0.222171 -0.509764 -0.020960
v -0.222171 -0.143166 -0.020960
v -0.219489 -0.509764 -0.011333
v -0.219489 -0.143166 -0.011333
v -0.218583 -0.509764 -0.001320
v -0.218583 -0.143166 -0.001320
v -0.219489 -0.509764 0.008693
v -0.219489 -0.143166 0.008693
v -0.222171 -0.509764 0.018321
v -0.222171 -0.143166 0.018321
v -0.226527 -0.509764 0.027194
v -0.226527 -0.143166 0.027194
v -0.232388 -0.509764 0.034972
v -0.232388 -0.143166 0.034972
v -0.239531 -0.509764 0.041354
v -0.239531 -0.143166 0.041354
v -0.247680 -0.509764 0.046097
v -0.247680 -0.143166 0.046097
v -0.256522 -0.509764 0.049018
v -0.256522 -0.143166 0.049018
v -0.265717 -0.509764 0.050004
v -0.265717 -0.143166 0.050004
v -0.274913 -0.509764 0.049018
v -0.274913 -0.143166 0.049018
v -0.283755 -0.509764 0.046097
v -0.283755 -0.143166 0.046097
v -0.291903 -0.509764 0.041354
v -0.291903 -0.143166 0.041354
v -0.299046 -0.509764 0.034972
v -0.299046 -0.143166 0.034972
v -0.304908 -0.509764 0.027194
v -0.304908 -0.143166 0.027194
v -0.309263 -0.509764 0.018321
v -0.309263 -0.143166 0.018321
v -0.311945 -0.509764 0.008693
v -0.311945 -0.143166 0.008693
v -0.312851 -0.509764 -0.001320
v -0.312851 -0.143166 -0.001320
v -0.311945 -0.509764 -0.011333
v -0.311945 -0.143166 -0.011333
v -0.309263 -0.509764 -0.020960
v -0.309263 -0.143166 -0.020960
v -0.304908 -0.509764 -0.029834
v -0.304908 -0.143166 -0.029834
v -0.299046 -0.509764 -0.037611
v -0.299046 -0.143166 -0.037611
v -0.291903 -0.509764 -0.043994
v -0.291903 -0.143166 -0.043994
v -0.283755 -0.509764 -0.048737
v -0.283755 -0.143166 -0.048737
v -0.274913 -0.509764 -0.051657
v -0.274913 -0.143166 -0.051657
v -0.224095 -0.438153 0.046364
v -0.206088 -0.438153 -0.000974
v -0.224095 -0.575628 0.046364
v -0.267569 -0.575628 0.065973
v -0.267569 -0.438153 0.065973
v -0.206088 -0.575628 -0.000974
v -0.224095 -0.438153 -0.048312
v -0.224095 -0.575628 -0.048312
v -0.267569 -0.438153 -0.067921
v -0.267569 -0.575628 -0.067921
v -0.311042 -0.438153 -0.048312
v -0.311042 -0.575628 -0.048312
v -0.329050 -0.438153 -0.000974
v -0.329050 -0.575628 -0.000974
v -0.311042 -0.438153 0.046364
v -0.311042 -0.575628 0.046364
v -0.267569 -0.438153 0.065973
v -0.267569 -0.575628 0.065973
v -0.231341 -0.345893 -0.040423
v -0.267569 -0.345893 -0.056763
v -0.231341 -0.432654 -0.040423
v -0.216334 -0.432654 -0.000974
v -0.216334 -0.345893 -0.000974
v -0.231341 -0.432654 0.038474
v -0.231341 -0.345893 0.038474
v -0.267569 -0.432654 0.054814
v -0.267569 -0.345893 0.054814
v -0.267569 -0.432654 -0.056763
v -0.303797 -0.345893 -0.040423
v -0.303797 -0.432654 -0.040423
v -0.318803 -0.345893 -0.000974
v -0.318803 -0.432654 -0.000974
v -0.303797 -0.345893 0.038474
v -0.303797 -0.432654 0.038474
v -0.267569 -0.345893 0.054814
v -0.267569 -0.432654 0.054814
v -0.329050 -0.438153 -0.000974
v -0.318803 -0.432654 -0.000974
v -0.303797 -0.432654 0.038474
v -0.303797 -0.432654 -0.040423
v -0.311042 -0.438153 0.046364
v -0.311042 -0.438153 -0.048312
v -0.267569 -0.438153 -0.067921
v -0.267569 -0.432654 -0.056763
v -0.231341 -0.432654 -0.040423
v -0.224095 -0.438153 -0.048312
v -0.206088 -0.438153 -0.000974
v -0.216334 -0.432654 -0.000974
v -0.231341 -0.432654 0.038474
v -0.224095 -0.438153 0.046364
v -0.267569 -0.438153 0.065973
v -0.267569 -0.432654 0.054814
v -0.267569 -0.438153 0.065973
v -0.267569 -0.432654 0.054814
v -0.303797 -0.345893 -0.040423
v -0.307420 -0.340750 -0.044367
v -0.323926 -0.340750 -0.000974
v -0.267569 -0.340750 -0.062341
v -0.318803 -0.345893 -0.000974
v -0.267569 -0.345893 -0.056763
v -0.231341 -0.345893 -0.040423
v -0.227718 -0.340750 -0.044367
v -0.211211 -0.340750 -0.000974
v -0.216334 -0.345893 -0.000974
v -0.231341 -0.345893 0.038474
v -0.227718 -0.340750 0.042419
v -0.267569 -0.340750 0.060393
v -0.267569 -0.345893 0.054814
v -0.303797 -0.345893 0.038474
v -0.307420 -0.340750 0.042419
v -0.267569 -0.340750 0.060393
v -0.267569 -0.345893 0.054814
v -0.269907 -0.147238 -0.036660
v -0.269907 -0.073918 -0.036660
v -0.262755 -0.147238 -0.035955
v -0.262755 -0.073918 -0.035955
v -0.255878 -0.147238 -0.033869
v -0.255878 -0.073918 -0.033869
v -0.249540 -0.147238 -0.030481
v -0.249540 -0.073918 -0.030481
v -0.243985 -0.147238 -0.025922
v -0.243985 -0.073918 -0.025922
v -0.239425 -0.147238 -0.020367
v -0.239425 -0.073918 -0.020367
v -0.236038 -0.147238 -0.014029
v -0.236038 -0.073918 -0.014029
v -0.233952 -0.147238 -0.007152
v -0.233952 -0.073918 -0.007152
v -0.233247 -0.147238 0.000000
v -0.233247 -0.073918 -0.000000
v -0.233952 -0.147238 0.007152
v -0.233952 -0.073918 0.007152
v -0.236038 -0.147238 0.014029
v -0.236038 -0.073918 0.014029
v -0.239425 -0.147238 0.020367
v -0.239425 -0.073918 0.020367
v -0.243985 -0.147238 0.025922
v -0.243985 -0.073918 0.025922
v -0.249540 -0.147238 0.030481
v -0.249540 -0.073918 0.030481
v -0.255878 -0.147238 0.033869
v -0.255878 -0.073918 0.033869
v -0.262755 -0.147238 0.035955
v -0.262755 -0.073918 0.035955
v -0.269907 -0.147238 0.036660
v -0.269907 -0.073918 0.036660
v -0.277059 -0.147238 0.035955
v -0.277059 -0.073918 0.035955
v -0.283936 -0.147238 0.033869
v -0.283936 -0.073918 0.033869
v -0.290274 -0.147238 0.030481
v -0.290274 -0.073918 0.030481
v -0.295829 -0.147238 0.025922
v -0.295829 -0.073918 0.025922
v -0.300388 -0.147238 0.020367
v -0.300388 -0.073918 0.020367
v -0.303776 -0.147238 0.014029
v -0.303776 -0.073918 0.014029
v -0.305862 -0.147238 0.007152
v -0.305862 -0.073918 0.007152
v -0.306567 -0.147238 0.000000
v -0.306567 -0.073918 -0.000000
v -0.305862 -0.147238 -0.007152
v -0.305862 -0.073918 -0.007152
v -0.303776 -0.147238 -0.014029
v -0.303776 -0.073918 -0.014029
v -0.300388 -0.147238 -0.020367
v -0.300388 -0.073918 -0.020367
v -0.295829 -0.147238 -0.025922
v -0.295829 -0.073918 -0.025922
v -0.290274 -0.147238 -0.030481
v -0.290274 -0.073918 -0.030481
v -0.283936 -0.147238 -0.033869
v -0.283936 -0.073918 -0.033869
v -0.277059 -0.147238 -0.035955
v -0.277059 -0.073918 -0.035955
v 1.141244 0.199800 0.053764
v 1.141244 0.177105 0.053764
v 0.509475 0.177105 0.053764
v 0.509475 0.199800 0.053764
v -0.482067 0.084970 -0.063414
v -0.405814 0.217300 -0.063414
v -0.405814 0.217300 0.063413
v -0.482067 0.084970 0.063413
v -0.405814 0.217300 -0.063414
v -0.482067 0.084970 -0.063414
v -0.456681 0.094838 -0.077915
v -0.390151 0.211378 -0.077915
v -0.405814 0.217300 0.063413
v -0.456681 0.094838 0.077914
v -0.482067 0.084970 0.063413
v -0.390151 0.211378 0.077914
v 1.409270 0.179726 -0.077915
v 1.364775 0.222845 -0.063413
v 1.353988 0.212976 -0.077915
v 1.427597 0.182281 -0.063413
v 1.409270 0.125632 -0.077915
v 1.427597 0.115764 -0.063413
v 0.243680 0.222845 -0.063414
v 0.236382 0.212976 -0.077915
v 0.186515 0.229311 -0.077915
v 0.193813 0.239179 -0.063414
v -0.069941 0.229311 -0.077915
v -0.083173 0.239179 -0.063414
v -0.102236 0.217300 -0.063414
v -0.086573 0.211378 -0.077915
v -0.390151 0.211378 -0.077915
v -0.405814 0.217300 -0.063414
v 1.364775 0.222845 0.063413
v 1.427597 0.182281 0.063413
v 1.409270 0.179726 0.077914
v 1.353988 0.212976 0.077914
v 0.243680 0.222845 0.063413
v 0.236382 0.212976 0.077914
v 0.186515 0.229311 0.077914
v 0.193813 0.239180 0.063413
v -0.069943 0.229311 0.077914
v -0.083173 0.239180 0.063413
v -0.102236 0.217300 0.063413
v -0.086573 0.211378 0.077914
v -0.390151 0.211378 0.077914
v -0.405814 0.217300 0.063413
v 1.409270 0.125632 0.077914
v 1.427597 0.115764 0.063413
v 1.427597 0.115764 -0.063413
v 1.427597 0.182281 0.063413
v 1.427597 0.182281 -0.063413
v 1.427597 0.115764 0.063413
v 1.364775 0.222845 -0.063413
v 1.364775 0.222845 0.063413
v 0.243680 0.222845 0.063413
v 0.243680 0.222845 -0.063414
v 0.193813 0.239179 -0.063414
v 0.193813 0.239180 0.063413
v -0.083173 0.239179 -0.063414
v -0.083173 0.239180 0.063413
v -0.102236 0.217300 0.063413
v -0.102236 0.217300 -0.063414
v -0.405814 0.217300 -0.063414
v -0.405814 0.217300 0.063413
v 0.506334 0.175181 0.065893
v 0.496920 0.206573 0.077914
v 0.506334 0.201724 0.065893
v 0.496920 0.170332 0.077914
v 0.509475 0.177105 0.053764
v 0.506334 0.201724 0.065893
v 0.509475 0.199800 0.053764
v 0.506334 0.175181 0.065893
v 0.739225 0.170332 0.077914
v 0.496920 0.170332 0.077914
v 0.506334 0.175181 0.065893
v 1.144386 0.175181 0.065893
v 1.153799 0.170332 0.077914
v -0.054246 0.094838 -0.077915
v 0.033418 0.166691 -0.077915
v -0.086573 0.211378 -0.077915
v -0.153103 0.094838 -0.077915
v -0.390151 0.211378 -0.077915
v -0.456681 0.094838 -0.077915
v -0.069941 0.229311 -0.077915
v 0.186515 0.229311 -0.077915
v 0.236382 0.212976 -0.077915
v 0.777467 0.166691 -0.077915
v 1.353988 0.212976 -0.077915
v 1.087214 0.125632 -0.077915
v 1.409270 0.125632 -0.077915
v 1.409270 0.179726 -0.077915
v 0.894220 0.096167 -0.077915
v 1.023362 0.096167 -0.077915
v -0.054246 0.094838 0.077914
v -0.153103 0.094838 0.077914
v -0.086573 0.211378 0.077914
v 0.033418 0.166691 0.077914
v -0.069943 0.229311 0.077914
v 0.186515 0.229311 0.077914
v 0.236382 0.212976 0.077914
v 0.496920 0.170332 0.077914
v 0.777467 0.166691 0.077914
v 0.739225 0.170332 0.077914
v 1.153799 0.170332 0.077914
v 1.087214 0.125632 0.077914
v 0.894220 0.096167 0.077914
v 1.023362 0.096167 0.077914
v 1.409270 0.125632 0.077914
v 1.409270 0.179726 0.077914
v 1.353988 0.212976 0.077914
v 1.153799 0.206573 0.077914
v 0.496920 0.206573 0.077914
v -0.390151 0.211378 0.077914
v -0.456681 0.094838 0.077914
v 1.141244 0.177105 0.053764
v 1.144386 0.175181 0.065893
v 0.506334 0.175181 0.065893
v 0.509475 0.177105 0.053764
v 0.770570 0.156823 -0.063414
v 0.887322 0.086299 -0.063414
v 0.894220 0.096167 -0.077915
v 0.777467 0.166691 -0.077915
v 0.041983 0.156823 -0.063414
v 0.033418 0.166691 -0.077915
v -0.054246 0.094838 -0.077915
v -0.045681 0.084970 -0.063414
v -0.153103 0.094838 -0.077915
v -0.178490 0.084970 -0.063414
v -0.456681 0.094838 -0.077915
v -0.482067 0.084970 -0.063414
v 1.030141 0.086299 -0.063413
v 1.023362 0.096167 -0.077915
v 1.093992 0.115764 -0.063413
v 1.087214 0.125632 -0.077915
v 1.409270 0.125632 -0.077915
v 1.427597 0.115764 -0.063413
v 1.030141 0.086299 0.063413
v 0.887322 0.086299 0.063413
v 0.894220 0.096167 0.077914
v 1.023362 0.096167 0.077914
v 1.093992 0.115764 0.063413
v 1.087214 0.125632 0.077914
v 1.409270 0.125632 0.077914
v 1.427597 0.115764 0.063413
v 0.770570 0.156823 0.063413
v 0.777467 0.166691 0.077914
v 0.041983 0.156823 0.063413
v 0.033418 0.166691 0.077914
v -0.054246 0.094838 0.077914
v -0.045681 0.084970 0.063413
v -0.153103 0.094838 0.077914
v -0.178490 0.084970 0.063413
v -0.456681 0.094838 0.077914
v -0.482067 0.084970 0.063413
v 1.427597 0.115764 -0.063413
v 1.093992 0.115764 -0.063413
v 1.093992 0.115764 0.063413
v 1.427597 0.115764 0.063413
v 1.030141 0.086299 -0.063413
v 1.030141 0.086299 0.063413
v 0.887322 0.086299 0.063413
v 0.887322 0.086299 -0.063414
v 0.770570 0.156823 -0.063414
v 0.770570 0.156823 0.063413
v 0.041983 0.156823 0.063413
v 0.041983 0.156823 -0.063414
v -0.045681 0.084970 0.063413
v -0.045681 0.084970 -0.063414
v -0.178490 0.084970 0.063413
v -0.178490 0.084970 -0.063414
v -0.482067 0.084970 0.063413
v -0.482067 0.084970 -0.063414
v 0.496920 0.206573 0.077914
v 1.153799 0.206573 0.077914
v 1.144386 0.201724 0.065893
v 0.506334 0.201724 0.065893
v 1.141244 0.199800 0.053764
v 0.509475 0.199800 0.053764
v 0.506334 0.201724 0.065893
v 1.144386 0.201724 0.065893
v 0.551280 0.214676 -0.054031
v 0.343001 0.214676 0.054031
v 0.551280 0.214676 0.054031
v 0.343001 0.214676 -0.054031
v 0.569477 0.214676 -0.039623
v 0.569477 0.214676 0.039623
v 0.563440 0.237921 0.039623
v 0.563440 0.237921 0.025215
v 0.506031 0.237921 0.025215
v 0.506031 0.237921 0.039623
v 1.144386 0.175181 0.065893
v 1.144386 0.201724 0.065893
v 1.153799 0.206573 0.077914
v 1.153799 0.170332 0.077914
v 1.344681 0.131951 0.084865
v 1.325872 0.123586 0.067892
v 1.344681 0.131951 -0.084865
v 1.325872 0.123586 -0.067892
v 1.144386 0.175181 0.065893
v 1.141244 0.177105 0.053764
v 1.141244 0.199800 0.053764
v 1.144386 0.201724 0.065893
v 1.344681 0.131951 -0.084865
v 1.325872 0.123586 -0.067892
v 1.344020 0.118700 -0.086092
v 1.359761 0.126319 -0.107615
v -0.249034 0.310066 0.013833
v -0.249034 0.323634 0.019454
v -0.249034 0.325607 0.024915
v -0.279054 0.238650 0.015663
v -0.279054 0.220976 0.025810
v -0.279054 0.220976 0.015663
v -0.279054 0.238650 0.015663
v -0.279054 0.238650 0.025810
v -0.279054 0.220976 0.025810
v -0.279054 0.238650 -0.025280
v -0.279054 0.220976 -0.015133
v -0.279054 0.220976 -0.025280
v -0.279054 0.238650 -0.025280
v -0.279054 0.238650 -0.015133
v -0.279054 0.220976 -0.015133
v -0.279054 0.238650 0.025810
v -0.279054 0.238650 0.015663
v -0.260137 0.269442 0.025810
v -0.260137 0.269442 0.015663
v -0.260137 0.269442 0.025810
v -0.279054 0.238650 0.015663
v -0.260137 0.269442 -0.025280
v -0.260137 0.269442 -0.015133
v -0.279054 0.238650 -0.025280
v -0.249034 0.274011 -0.020277
v -0.249034 0.281565 -0.024385
v -0.249034 0.304445 0.000265
v -0.249034 0.281565 -0.024385
v -0.249034 0.310066 -0.013304
v -0.249034 0.304445 0.000265
v -0.249034 0.325607 -0.024385
v -0.249034 0.310066 -0.013304
v -0.249034 0.281565 -0.024385
v -0.249034 0.325607 -0.024385
v -0.249034 0.323634 -0.018925
v -0.249034 0.310066 -0.013304
v -0.249034 0.325607 -0.024385
v -0.249034 0.325607 -0.018107
v -0.249034 0.323634 -0.018925
v -0.249034 0.304445 0.000265
v -0.249034 0.274011 0.020807
v -0.249034 0.274011 -0.020277
v -0.249034 0.219209 -0.020277
v -0.249034 0.274011 -0.020277
v -0.249034 0.274011 0.020807
v -0.249034 0.274011 0.020807
v -0.249034 0.219209 0.020807
v -0.249034 0.219209 -0.020277
v -0.249034 0.281565 0.024915
v -0.249034 0.274011 0.020807
v -0.249034 0.304445 0.000265
v -0.249034 0.304445 0.000265
v -0.249034 0.310066 0.013833
v -0.249034 0.281565 0.024915
v -0.249034 0.310066 0.013833
v -0.249034 0.325607 0.024915
v -0.249034 0.281565 0.024915
v -0.249034 0.325607 0.024915
v -0.249034 0.323634 0.019454
v -0.249034 0.325607 0.018636
v -0.249034 0.325607 -0.024385
v -0.227093 0.325607 -0.024385
v -0.227093 0.325607 -0.018107
v -0.227093 0.325607 -0.018107
v -0.249034 0.325607 -0.018107
v -0.249034 0.325607 -0.024385
v -0.249034 0.325607 0.024915
v -0.249034 0.325607 0.018636
v -0.227093 0.325607 0.024915
v -0.227093 0.325607 0.018636
v -0.227093 0.325607 0.024915
v -0.249034 0.325607 0.018636
v -0.236121 0.324426 -0.001589
v -0.239536 0.324426 0.002118
v -0.239536 0.324426 -0.001589
v -0.236121 0.324426 -0.001589
v -0.236121 0.324426 0.002118
v -0.239536 0.324426 0.002118
v -0.227093 0.323634 0.019454
v -0.249034 0.323634 0.019454
v -0.249034 0.310066 0.013833
v -0.249034 0.323634 0.019454
v -0.227093 0.323634 0.019454
v -0.227093 0.325607 0.018636
v -0.227093 0.325607 0.018636
v -0.249034 0.325607 0.018636
v -0.249034 0.323634 0.019454
v -0.249034 0.310066 0.013833
v -0.227093 0.310066 0.013833
v -0.227093 0.323634 0.019454
v -0.227093 0.304445 0.000265
v -0.227093 0.310066 0.013833
v -0.249034 0.310066 0.013833
v -0.249034 0.310066 0.013833
v -0.249034 0.304445 0.000265
v -0.227093 0.304445 0.000265
v -0.249034 0.304445 0.000265
v -0.249034 0.310066 -0.013304
v -0.227093 0.304445 0.000265
v -0.227093 0.310066 -0.013304
v -0.227093 0.304445 0.000265
v -0.249034 0.310066 -0.013304
v -0.227093 0.310066 -0.013304
v -0.249034 0.310066 -0.013304
v -0.249034 0.323634 -0.018925
v -0.249034 0.323634 -0.018925
v -0.227093 0.323634 -0.018925
v -0.227093 0.310066 -0.013304
v -0.249034 0.325607 -0.018107
v -0.227093 0.325607 -0.018107
v -0.227093 0.323634 -0.018925
v -0.203484 0.269442 0.015663
v -0.260137 0.269442 0.025810
v -0.260137 0.269442 0.015663
v -0.203484 0.269442 0.015663
v -0.203484 0.269442 0.025810
v -0.260137 0.269442 0.025810
v -0.260137 0.269442 -0.025280
v -0.203484 0.269442 -0.025281
v -0.203484 0.269442 -0.015133
v -0.203484 0.269442 -0.015133
v -0.260137 0.269442 -0.015133
v -0.260137 0.269442 -0.025280
v -0.165649 0.220976 -0.025281
v -0.165649 0.238650 -0.025281
v -0.203484 0.269442 -0.025281
v -0.203484 0.269442 -0.025281
v -0.279054 0.220976 -0.025280
v -0.165649 0.220976 -0.025281
v -0.203484 0.269442 -0.025281
v -0.260137 0.269442 -0.025280
v -0.279054 0.220976 -0.025280
v -0.260137 0.269442 -0.025280
v -0.279054 0.238650 -0.025280
v -0.279054 0.220976 -0.025280
v -0.242543 0.302507 -0.004850
v -0.233116 0.302507 -0.004850
v -0.236121 0.324426 -0.001589
v -0.236121 0.324426 -0.001589
v -0.239536 0.324426 -0.001589
v -0.242543 0.302507 -0.004850
v -0.203484 0.269442 0.025810
v -0.165649 0.220976 0.025809
v -0.279054 0.220976 0.025810
v -0.203484 0.269442 0.025810
v -0.165649 0.238650 0.025809
v -0.165649 0.220976 0.025809
v -0.260137 0.269442 0.025810
v -0.203484 0.269442 0.025810
v -0.279054 0.220976 0.025810
v -0.279054 0.220976 0.025810
v -0.279054 0.238650 0.025810
v -0.260137 0.269442 0.025810
v -0.239536 0.324426 0.002118
v -0.233116 0.302507 0.005379
v -0.242543 0.302507 0.005379
v -0.233116 0.302507 0.005379
v -0.239536 0.324426 0.002118
v -0.236121 0.324426 0.002118
v -0.165649 0.220976 0.015663
v -0.165649 0.238650 0.015663
v -0.203484 0.269442 0.015663
v -0.203484 0.269442 0.015663
v -0.279054 0.220976 0.015663
v -0.165649 0.220976 0.015663
v -0.203484 0.269442 0.015663
v -0.260137 0.269442 0.015663
v -0.279054 0.220976 0.015663
v -0.260137 0.269442 0.015663
v -0.279054 0.238650 0.015663
v -0.279054 0.220976 0.015663
v -0.203484 0.269442 -0.015133
v -0.165649 0.220976 -0.015133
v -0.279054 0.220976 -0.015133
v -0.203484 0.269442 -0.015133
v -0.165649 0.238650 -0.015133
v -0.165649 0.220976 -0.015133
v -0.260137 0.269442 -0.015133
v -0.203484 0.269442 -0.015133
v -0.279054 0.220976 -0.015133
v -0.279054 0.220976 -0.015133
v -0.279054 0.238650 -0.015133
v -0.260137 0.269442 -0.015133
v -0.203484 0.269442 0.015663
v -0.165649 0.238650 0.015663
v -0.165649 0.238650 0.025809
v -0.165649 0.238650 0.025809
v -0.203484 0.269442 0.025810
v -0.203484 0.269442 0.015663
v -0.203484 0.269442 -0.025281
v -0.165649 0.238650 -0.025281
v -0.165649 0.238650 -0.015133
v -0.165649 0.238650 -0.015133
v -0.203484 0.269442 -0.015133
v -0.203484 0.269442 -0.025281
v -0.249034 0.274011 0.020807
v -0.227093 0.219209 0.020807
v -0.249034 0.219209 0.020807
v -0.227093 0.219209 0.020807
v -0.249034 0.274011 0.020807
v -0.227093 0.274011 0.020807
v -0.249034 0.274011 0.020807
v -0.227093 0.281565 0.024915
v -0.227093 0.274011 0.020807
v -0.249034 0.219209 -0.020277
v -0.227093 0.219209 -0.020277
v -0.227093 0.274011 -0.020277
v -0.249034 0.274011 0.020807
v -0.249034 0.281565 0.024915
v -0.227093 0.281565 0.024915
v -0.227093 0.281565 0.024915
v -0.249034 0.281565 0.024915
v -0.227093 0.325607 0.024915
v -0.249034 0.281565 0.024915
v -0.249034 0.325607 0.024915
v -0.227093 0.325607 0.024915
v -0.227093 0.274011 -0.020277
v -0.249034 0.274011 -0.020277
v -0.249034 0.219209 -0.020277
v -0.249034 0.281565 -0.024385
v -0.249034 0.274011 -0.020277
v -0.227093 0.274011 -0.020277
v -0.249034 0.281565 -0.024385
v -0.227093 0.274011 -0.020277
v -0.227093 0.281565 -0.024385
v -0.249034 0.325607 -0.024385
v -0.249034 0.281565 -0.024385
v -0.227093 0.281565 -0.024385
v -0.227093 0.325607 -0.024385
v -0.249034 0.325607 -0.024385
v -0.227093 0.281565 -0.024385
v -0.165649 0.238650 0.025809
v -0.165649 0.238650 0.015663
v -0.165649 0.220976 0.015663
v -0.165649 0.220976 0.015663
v -0.165649 0.220976 0.025809
v -0.165649 0.238650 0.025809
v -0.165649 0.238650 -0.015133
v -0.165649 0.238650 -0.025281
v -0.165649 0.220976 -0.025281
v -0.165649 0.220976 -0.025281
v -0.165649 0.220976 -0.015133
v -0.165649 0.238650 -0.015133
v -0.233116 0.302507 -0.004850
v -0.233116 0.302507 0.005379
v -0.236121 0.324426 0.002118
v -0.227093 0.304445 0.000265
v -0.227093 0.310066 -0.013304
v -0.227093 0.281565 -0.024385
v -0.227093 0.325607 -0.024385
v -0.227093 0.281565 -0.024385
v -0.227093 0.310066 -0.013304
v -0.227093 0.310066 -0.013304
v -0.227093 0.323634 -0.018925
v -0.227093 0.325607 -0.024385
v -0.227093 0.325607 -0.024385
v -0.227093 0.323634 -0.018925
v -0.227093 0.325607 -0.018107
v -0.227093 0.281565 -0.024385
v -0.227093 0.274011 -0.020277
v -0.227093 0.304445 0.000265
v -0.227093 0.274011 -0.020277
v -0.227093 0.274011 0.020807
v -0.227093 0.304445 0.000265
v -0.227093 0.274011 -0.020277
v -0.227093 0.219209 -0.020277
v -0.227093 0.274011 0.020807
v -0.227093 0.219209 -0.020277
v -0.227093 0.219209 0.020807
v -0.227093 0.274011 0.020807
v -0.227093 0.274011 0.020807
v -0.227093 0.281565 0.024915
v -0.227093 0.304445 0.000265
v -0.227093 0.281565 0.024915
v -0.227093 0.310066 0.013833
v -0.227093 0.304445 0.000265
v -0.227093 0.310066 0.013833
v -0.227093 0.281565 0.024915
v -0.227093 0.325607 0.024915
v -0.227093 0.325607 0.024915
v -0.227093 0.323634 0.019454
v -0.227093 0.310066 0.013833
v -0.227093 0.325607 0.018636
v -0.227093 0.323634 0.019454
v -0.227093 0.325607 0.024915
v 0.659465 0.282109 0.025556
v 0.659465 0.337727 0.025556
v 0.680532 0.337727 0.025556
v 0.680532 0.273760 -0.020278
v 0.680532 0.219384 -0.020278
v 0.680532 0.273760 0.020807
v 0.680532 0.219384 -0.020278
v 0.680532 0.219384 0.020807
v 0.680532 0.273760 0.020807
v 0.680532 0.273760 -0.020278
v 0.680532 0.273760 0.020807
v 0.680532 0.282109 0.025556
v 0.680532 0.282109 0.025556
v 0.680532 0.282109 -0.025027
v 0.680532 0.273760 -0.020278
v 0.680532 0.282109 -0.025027
v 0.680532 0.282109 0.025556
v 0.680532 0.304419 0.000265
v 0.680532 0.282109 0.025556
v 0.680532 0.310121 0.014033
v 0.680532 0.304419 0.000265
v 0.680532 0.304419 0.000265
v 0.680532 0.310121 -0.013503
v 0.680532 0.282109 -0.025027
v 0.680532 0.323889 0.019735
v 0.680532 0.310121 0.014033
v 0.680532 0.282109 0.025556
v 0.680532 0.282109 -0.025027
v 0.680532 0.310121 -0.013503
v 0.680532 0.323889 -0.019205
v 0.680532 0.282109 0.025556
v 0.680532 0.337727 0.025556
v 0.680532 0.323889 0.019735
v 0.680532 0.282109 -0.025027
v 0.680532 0.323889 -0.019205
v 0.680532 0.337727 -0.025027
v 0.680532 0.323889 0.019735
v 0.680532 0.337727 0.025556
v 0.680532 0.339660 0.019473
v 0.680532 0.339660 0.019473
v 0.680532 0.337655 0.014033
v 0.680532 0.323889 0.019735
v 0.680532 0.348267 0.015017
v 0.680532 0.339660 0.019473
v 0.680532 0.337727 0.025556
v 0.680532 0.337655 0.014033
v 0.680532 0.339660 0.019473
v 0.680532 0.348267 0.015017
v 0.680532 0.348267 0.015017
v 0.680532 0.343359 0.000265
v 0.680532 0.337655 0.014033
v 0.680532 0.348267 -0.014488
v 0.680532 0.343359 0.000265
v 0.680532 0.348267 0.015017
v 0.680532 0.339660 -0.018944
v 0.680532 0.337727 -0.025027
v 0.680532 0.323889 -0.019205
v 0.680532 0.337727 -0.025027
v 0.680532 0.339660 -0.018944
v 0.680532 0.348267 -0.014488
v 0.680532 0.323889 -0.019205
v 0.680532 0.337655 -0.013503
v 0.680532 0.339660 -0.018944
v 0.680532 0.337655 -0.013503
v 0.680532 0.343359 0.000265
v 0.680532 0.348267 -0.014488
v 0.680532 0.348267 -0.014488
v 0.680532 0.339660 -0.018944
v 0.680532 0.337655 -0.013503
v 0.680532 0.348267 -0.014488
v 0.659465 0.348267 0.015017
v 0.659465 0.348267 -0.014488
v 0.680532 0.348267 -0.014488
v 0.680532 0.348267 0.015017
v 0.659465 0.348267 0.015017
v 0.680532 0.337727 -0.025027
v 0.659465 0.348267 -0.014488
v 0.659465 0.337727 -0.025027
v 0.680532 0.337727 -0.025027
v 0.680532 0.348267 -0.014488
v 0.659465 0.348267 -0.014488
v 0.680532 0.348267 0.015017
v 0.659465 0.337727 0.025556
v 0.659465 0.348267 0.015017
v 0.680532 0.348267 0.015017
v 0.680532 0.337727 0.025556
v 0.659465 0.337727 0.025556
v 0.680532 0.304419 0.000265
v 0.680532 0.310121 0.014033
v 0.659465 0.304419 0.000265
v 0.659465 0.304419 0.000265
v 0.680532 0.310121 0.014033
v 0.659465 0.310121 0.014033
v 0.680532 0.310121 -0.013503
v 0.680532 0.304419 0.000265
v 0.659465 0.310121 -0.013503
v 0.659465 0.310121 -0.013503
v 0.680532 0.304419 0.000265
v 0.659465 0.304419 0.000265
v 0.600321 0.238650 -0.025281
v 0.600321 0.220976 -0.015133
v 0.600321 0.220976 -0.025281
v 0.600321 0.238650 -0.025281
v 0.600321 0.238650 -0.015133
v 0.600321 0.220976 -0.015133
v 0.600321 0.238650 -0.015133
v 0.600321 0.238650 -0.025281
v 0.638157 0.269442 -0.015133
v 0.638157 0.269442 -0.025281
v 0.638157 0.269442 -0.015133
v 0.600321 0.238650 -0.025281
v 0.638157 0.269442 -0.015133
v 0.638157 0.269442 -0.025281
v 0.694809 0.269442 -0.025281
v 0.694809 0.269442 -0.025281
v 0.694809 0.269442 -0.015133
v 0.638157 0.269442 -0.015133
v 0.713727 0.238650 -0.015133
v 0.694809 0.269442 -0.015133
v 0.694809 0.269442 -0.025281
v 0.694809 0.269442 -0.025281
v 0.713727 0.238650 -0.025281
v 0.713727 0.238650 -0.015133
v 0.713727 0.238650 -0.015133
v 0.713727 0.238650 -0.025281
v 0.713727 0.220976 -0.025281
v 0.713727 0.220976 -0.025281
v 0.713727 0.220976 -0.015133
v 0.713727 0.238650 -0.015133
v 0.600321 0.238650 0.015663
v 0.600321 0.220976 0.025810
v 0.600321 0.220976 0.015663
v 0.600321 0.238650 0.015663
v 0.600321 0.238650 0.025810
v 0.600321 0.220976 0.025810
v 0.600321 0.238650 0.025810
v 0.600321 0.238650 0.015663
v 0.638157 0.269442 0.025810
v 0.638157 0.269442 0.015663
v 0.638157 0.269442 0.025810
v 0.600321 0.238650 0.015663
v 0.638157 0.269442 0.025810
v 0.638157 0.269442 0.015663
v 0.694809 0.269442 0.015663
v 0.694809 0.269442 0.015663
v 0.694809 0.269442 0.025810
v 0.638157 0.269442 0.025810
v 0.713727 0.238650 0.025810
v 0.694809 0.269442 0.025810
v 0.694809 0.269442 0.015663
v 0.694809 0.269442 0.015663
v 0.713727 0.238650 0.015663
v 0.713727 0.238650 0.025810
v 0.713727 0.238650 0.025810
v 0.713727 0.238650 0.015663
v 0.713727 0.220976 0.015663
v 0.713727 0.220976 0.015663
v 0.713727 0.220976 0.025810
v 0.713727 0.238650 0.025810
v 0.680532 0.323889 0.019735
v 0.659465 0.323889 0.019735
v 0.659465 0.310121 0.014033
v 0.659465 0.310121 0.014033
v 0.680532 0.310121 0.014033
v 0.680532 0.323889 0.019735
v 0.694809 0.269442 -0.025281
v 0.638157 0.269442 -0.025281
v 0.713727 0.220976 -0.025281
v 0.713727 0.220976 -0.025281
v 0.713727 0.238650 -0.025281
v 0.694809 0.269442 -0.025281
v 0.638157 0.269442 -0.025281
v 0.600321 0.220976 -0.025281
v 0.713727 0.220976 -0.025281
v 0.638157 0.269442 -0.025281
v 0.600321 0.238650 -0.025281
v 0.600321 0.220976 -0.025281
v 0.680532 0.337727 -0.025027
v 0.659465 0.337727 -0.025027
v 0.680532 0.282109 -0.025027
v 0.659465 0.337727 -0.025027
v 0.659465 0.282109 -0.025027
v 0.680532 0.282109 -0.025027
v 0.659465 0.310121 -0.013503
v 0.680532 0.323889 -0.019205
v 0.680532 0.310121 -0.013503
v 0.659465 0.310121 -0.013503
v 0.659465 0.323889 -0.019205
v 0.680532 0.323889 -0.019205
v 0.680532 0.273760 -0.020278
v 0.659465 0.273760 -0.020278
v 0.659465 0.219384 -0.020278
v 0.659465 0.219384 -0.020278
v 0.680532 0.219384 -0.020278
v 0.680532 0.273760 -0.020278
v 0.713727 0.220976 0.025810
v 0.638157 0.269442 0.025810
v 0.694809 0.269442 0.025810
v 0.694809 0.269442 0.025810
v 0.713727 0.238650 0.025810
v 0.713727 0.220976 0.025810
v 0.638157 0.269442 0.025810
v 0.713727 0.220976 0.025810
v 0.600321 0.220976 0.025810
v 0.600321 0.220976 0.025810
v 0.600321 0.238650 0.025810
v 0.638157 0.269442 0.025810
v 0.680532 0.282109 0.025556
v 0.659465 0.282109 0.025556
v 0.680532 0.337727 0.025556
v 0.659465 0.273760 0.020807
v 0.680532 0.219384 0.020807
v 0.659465 0.219384 0.020807
v 0.680532 0.219384 0.020807
v 0.659465 0.273760 0.020807
v 0.680532 0.273760 0.020807
v 0.694809 0.269442 0.015663
v 0.638157 0.269442 0.015663
v 0.713727 0.220976 0.015663
v 0.713727 0.220976 0.015663
v 0.713727 0.238650 0.015663
v 0.694809 0.269442 0.015663
v 0.638157 0.269442 0.015663
v 0.600321 0.220976 0.015663
v 0.713727 0.220976 0.015663
v 0.638157 0.269442 0.015663
v 0.600321 0.238650 0.015663
v 0.600321 0.220976 0.015663
v 0.659465 0.282109 -0.025027
v 0.680532 0.273760 -0.020278
v 0.680532 0.282109 -0.025027
v 0.659465 0.282109 -0.025027
v 0.659465 0.273760 -0.020278
v 0.680532 0.273760 -0.020278
v 0.713727 0.220976 -0.015133
v 0.638157 0.269442 -0.015133
v 0.694809 0.269442 -0.015133
v 0.694809 0.269442 -0.015133
v 0.713727 0.238650 -0.015133
v 0.713727 0.220976 -0.015133
v 0.638157 0.269442 -0.015133
v 0.713727 0.220976 -0.015133
v 0.600321 0.220976 -0.015133
v 0.600321 0.220976 -0.015133
v 0.600321 0.238650 -0.015133
v 0.638157 0.269442 -0.015133
v 0.659465 0.273760 0.020807
v 0.680532 0.282109 0.025556
v 0.680532 0.273760 0.020807
v 0.659465 0.273760 0.020807
v 0.659465 0.282109 0.025556
v 0.680532 0.282109 0.025556
v 0.680532 0.337655 0.014033
v 0.659465 0.337655 0.014033
v 0.659465 0.323889 0.019735
v 0.659465 0.323889 0.019735
v 0.680532 0.323889 0.019735
v 0.680532 0.337655 0.014033
v 0.680532 0.323889 -0.019205
v 0.659465 0.323889 -0.019205
v 0.659465 0.337655 -0.013503
v 0.659465 0.337655 -0.013503
v 0.680532 0.337655 -0.013503
v 0.680532 0.323889 -0.019205
v 0.659465 0.343359 0.000265
v 0.680532 0.337655 0.014033
v 0.680532 0.343359 0.000265
v 0.659465 0.343359 0.000265
v 0.659465 0.337655 0.014033
v 0.680532 0.337655 0.014033
v 0.659465 0.337655 -0.013503
v 0.680532 0.343359 0.000265
v 0.680532 0.337655 -0.013503
v 0.659465 0.337655 -0.013503
v 0.659465 0.343359 0.000265
v 0.680532 0.343359 0.000265
v 0.659465 0.273760 -0.020278
v 0.659465 0.219384 0.020807
v 0.659465 0.219384 -0.020278
v 0.659465 0.273760 -0.020278
v 0.659465 0.273760 0.020807
v 0.659465 0.219384 0.020807
v 0.659465 0.273760 0.020807
v 0.659465 0.273760 -0.020278
v 0.659465 0.282109 -0.025027
v 0.659465 0.282109 -0.025027
v 0.659465 0.282109 0.025556
v 0.659465 0.273760 0.020807
v 0.659465 0.282109 -0.025027
v 0.659465 0.304419 0.000265
v 0.659465 0.282109 0.025556
v 0.659465 0.304419 0.000265
v 0.659465 0.310121 0.014033
v 0.659465 0.282109 0.025556
v 0.659465 0.282109 -0.025027
v 0.659465 0.310121 -0.013503
v 0.659465 0.304419 0.000265
v 0.659465 0.282109 0.025556
v 0.659465 0.310121 0.014033
v 0.659465 0.323889 0.019735
v 0.659465 0.323889 -0.019205
v 0.659465 0.310121 -0.013503
v 0.659465 0.282109 -0.025027
v 0.659465 0.282109 0.025556
v 0.659465 0.323889 0.019735
v 0.659465 0.337727 0.025556
v 0.659465 0.282109 -0.025027
v 0.659465 0.337727 -0.025027
v 0.659465 0.323889 -0.019205
v 0.659465 0.339660 0.019473
v 0.659465 0.337727 0.025556
v 0.659465 0.323889 0.019735
v 0.659465 0.323889 0.019735
v 0.659465 0.337655 0.014033
v 0.659465 0.339660 0.019473
v 0.659465 0.337727 0.025556
v 0.659465 0.339660 0.019473
v 0.659465 0.348267 0.015017
v 0.659465 0.348267 0.015017
v 0.659465 0.339660 0.019473
v 0.659465 0.337655 0.014033
v 0.659465 0.343359 0.000265
v 0.659465 0.348267 0.015017
v 0.659465 0.337655 0.014033
v 0.659465 0.348267 0.015017
v 0.659465 0.343359 0.000265
v 0.659465 0.348267 -0.014488
v 0.659465 0.323889 -0.019205
v 0.659465 0.337727 -0.025027
v 0.659465 0.339660 -0.018944
v 0.659465 0.348267 -0.014488
v 0.659465 0.339660 -0.018944
v 0.659465 0.337727 -0.025027
v 0.659465 0.339660 -0.018944
v 0.659465 0.337655 -0.013503
v 0.659465 0.323889 -0.019205
v 0.659465 0.348267 -0.014488
v 0.659465 0.343359 0.000265
v 0.659465 0.337655 -0.013503
v 0.659465 0.337655 -0.013503
v 0.659465 0.339660 -0.018944
v 0.659465 0.348267 -0.014488
v 1.049926 -0.132809 -3.562504
v 1.068831 -0.141307 -3.562504
v 1.068831 -0.141307 -3.769450
v 1.551238 -0.329625 -3.769450
v 1.570144 -0.338122 -3.769450
v 1.570144 -0.338122 -3.562504
v 1.532333 -0.379151 -3.562504
v 1.551238 -0.387649 -3.562504
v 1.551238 -0.387649 -3.769450
vn -0.0000 -0.0000 1.0000
vn -0.0000 -1.0000 -0.0000
vn 0.8831 -0.4691 -0.0000
vn -0.0000 -0.7021 0.7121
vn -0.0000 -0.7021 0.7120
vn -0.0000 -0.7022 -0.7120
vn 0.6201 -0.3294 0.7120
vn 0.6201 -0.3294 -0.7120
vn -0.8831 -0.4691 -0.0000
vn -0.6201 -0.3294 0.7120
vn -0.6201 -0.3294 -0.7120
vn 0.5267 0.4643 0.7120
vn 0.5267 0.4643 0.7121
vn 0.5267 0.4643 -0.7120
vn -0.2907 -0.5698 0.7686
vn 0.2656 -0.5918 0.7611
vn 0.2656 -0.5918 0.7610
vn -0.2907 -0.5699 0.7686
vn -0.2907 -0.5699 -0.7686
vn 0.2656 -0.5918 -0.7610
vn -0.2907 -0.5698 -0.7686
vn 0.2656 -0.5918 -0.7611
vn 0.7502 0.6613 -0.0000
vn 0.2900 0.5705 0.7684
vn 0.2947 0.5697 0.7672
vn 0.2900 0.5706 0.7684
vn 0.2946 0.5697 0.7672
vn 0.2900 0.5705 -0.7684
vn 0.2947 0.5697 -0.7672
vn 0.2946 0.5697 -0.7672
vn -0.2553 -0.5277 -0.8102
vn -0.5323 -0.2544 -0.8075
vn -0.5592 -0.1904 -0.8069
vn -0.1950 -0.5543 -0.8092
vn -0.5323 -0.2544 0.8075
vn -0.1950 -0.5543 0.8092
vn -0.2553 -0.5277 0.8102
vn -0.5592 -0.1904 0.8068
vn -0.5267 0.4643 0.7121
vn -0.5267 0.4643 -0.7120
vn -0.0000 -0.0000 -1.0000
vn -0.7502 0.6613 -0.0000
vn 0.2658 -0.5917 0.7611
vn 0.5951 -0.0459 0.8024
vn 0.5951 -0.0459 0.8023
vn 0.2658 -0.5917 -0.7611
vn 0.5951 -0.0459 -0.8024
vn 0.2658 -0.5917 -0.7610
vn -0.2909 -0.5698 0.7686
vn -0.2909 -0.5698 -0.7686
vn -0.0000 0.7021 0.7120
vn -0.0000 0.7022 -0.7120
vn -0.1944 0.5629 0.8033
vn 0.2898 0.5706 0.7684
vn -0.2569 0.5157 0.8173
vn 0.2898 0.5706 -0.7684
vn -0.1944 0.5629 -0.8033
vn -0.2569 0.5157 -0.8173
vn -0.5324 -0.2542 -0.8074
vn -0.3463 0.3463 -0.8719
vn -0.5593 -0.1902 -0.8068
vn -0.5324 -0.2542 0.8074
vn -0.3463 0.3463 0.8719
vn -0.5593 -0.1902 0.8068
vn -0.0000 1.0000 -0.0000
vn 0.5951 -0.0457 0.8024
vn 0.5736 0.3702 0.7307
vn 0.5736 0.3702 -0.7307
vn 0.5951 -0.0457 -0.8024
vn -0.0063 -0.0053 1.0000
vn -0.0243 -0.0485 0.9985
vn -0.1865 -0.4614 0.8674
vn -0.0208 -0.2741 0.9615
vn -0.3166 -0.6539 -0.6871
vn 0.5315 -0.5016 -0.6826
vn 0.7022 0.0045 -0.7119
vn 0.7133 -0.0225 -0.7005
vn 0.5257 -0.5056 -0.6841
vn 0.5315 -0.5016 0.6826
vn 0.7022 0.0045 0.7119
vn 0.5257 -0.5056 0.6841
vn 0.7133 -0.0225 0.7005
vn 0.9711 -0.2387 -0.0000
vn 0.5349 0.8449 -0.0000
vn 0.7330 -0.6802 -0.0000
vn 0.5538 0.8295 -0.0723
vn -0.0517 0.9675 -0.2475
vn -0.0000 0.9417 -0.3365
vn 0.6406 -0.2925 -0.7100
vn 0.4657 0.4996 -0.7304
vn 0.5086 0.4722 -0.7200
vn 0.6470 -0.2696 -0.7132
vn 0.6406 -0.2925 0.7100
vn 0.4658 0.4996 0.7304
vn 0.6470 -0.2696 0.7132
vn 0.5086 0.4721 0.7200
vn -0.0000 -0.6422 -0.7665
vn -0.0000 -0.6422 0.7665
vn 0.7231 -0.6905 0.0199
vn 0.8760 -0.4577 0.1520
vn 0.5659 -0.8245 -0.0000
vn 0.8722 -0.4661 0.1482
vn 0.9473 0.3202 -0.0000
vn 0.5071 0.8619 -0.0000
vn -0.2626 0.9649 -0.0000
vn 0.0043 0.0037 -1.0000
vn 0.0048 0.0497 -0.9988
vn -0.0287 0.9470 0.3201
vn -0.4505 0.8914 -0.0491
vn 0.0470 0.4202 0.9062
vn -0.6916 -0.3458 -0.6342
vn -0.6478 0.2095 -0.7324
vn -0.6420 0.2080 -0.7380
vn -0.6420 0.2080 0.7379
vn -0.6916 -0.3458 0.6341
vn -0.6478 0.2095 0.7324
vn -0.7691 -0.1856 -0.6115
vn -0.7171 0.2349 -0.6561
vn -0.7918 -0.1445 -0.5935
vn -0.6777 0.3055 -0.6689
vn -0.7467 -0.2732 0.6065
vn -0.7330 -0.2666 0.6258
vn -0.2356 0.6057 -0.7600
vn -0.2861 0.5902 -0.7549
vn 0.3970 0.5291 -0.7500
vn 0.2956 0.5690 -0.7674
vn 0.7362 0.2734 -0.6190
vn 0.0251 -0.6036 0.7969
vn 0.7573 0.2265 -0.6125
vn 0.9049 -0.3207 0.2797
vn -0.2358 -0.9610 0.1444
vn -0.2594 -0.9261 0.2739
vn -0.7100 -0.3221 0.6262
vn -0.7833 -0.1447 0.6046
vn -0.7692 -0.1856 0.6115
vn -0.7171 0.2349 0.6562
vn -0.2356 0.6057 0.7600
vn -0.6777 0.3055 0.6689
vn -0.2861 0.5902 0.7549
vn 0.3970 0.5291 0.7500
vn 0.7413 0.2723 0.6135
vn 0.2956 0.5690 0.7674
vn 0.7573 0.2265 0.6125
vn 0.6694 -0.7303 -0.1361
vn -0.1072 -0.8066 0.5814
vn 0.8801 -0.4475 -0.1585
vn -0.1948 -0.7125 0.6741
vn -0.5101 0.4430 -0.7372
vn -0.2010 -0.6222 -0.7566
vn -0.2253 -0.7236 -0.6524
vn -0.4705 0.6632 -0.5821
vn -0.2623 0.3810 0.8866
vn -0.3790 0.0752 -0.9223
vn -0.2676 0.3872 0.8823
vn -0.2730 -0.0181 -0.9618
vn -0.0648 0.8887 0.4538
vn 0.3682 0.8812 -0.2964
vn -0.0260 0.8605 0.5088
vn 0.3231 0.8397 -0.4365
vn 0.4081 0.4855 -0.7731
vn -0.0000 0.6422 -0.7665
vn 0.3624 0.5083 -0.7812
vn 0.4082 0.4855 0.7731
vn -0.0000 0.6422 0.7665
vn 0.3624 0.5083 0.7812
vn 0.1882 0.8289 0.5268
vn -0.0210 0.9472 -0.3201
vn 0.0101 0.9419 -0.3357
vn 0.2234 0.7811 0.5830
vn -0.1168 0.9909 -0.0675
vn -0.5835 0.8043 -0.1129
vn -0.4921 0.8471 -0.2005
vn -0.2020 0.9794 -0.0000
vn -0.8944 -0.4472 -0.0000
vn -0.9401 0.3408 -0.0000
vn -0.9622 0.2720 0.0138
vn -0.1912 0.9813 0.0216
vn -0.2082 0.9774 -0.0363
vn 0.9684 -0.1792 -0.1735
vn 0.9481 -0.2882 -0.1343
vn -0.9107 -0.4132 -0.0000
vn -0.9774 -0.2114 -0.0000
vn -0.8680 0.4965 -0.0000
vn -0.5001 0.8659 -0.0000
vn -0.9660 0.2587 -0.0000
vn -1.0000 -0.0000 -0.0000
vn -0.5276 0.0001 0.8495
vn -0.5277 0.6007 0.6006
vn -0.5277 0.6007 0.6007
vn -0.5277 0.8495 -0.0000
vn -0.5276 0.6007 -0.6007
vn -0.5277 -0.0000 -0.8495
vn -0.5277 -0.0000 -0.8494
vn -0.5276 -0.6007 -0.6007
vn -0.5277 -0.8495 -0.0000
vn -0.5277 -0.6007 0.6006
vn -0.5277 -0.6007 0.6007
vn -0.5276 -0.0001 0.8495
vn -0.6302 -0.0001 0.7764
vn -0.6302 -0.7764 -0.0001
vn -0.6302 -0.5491 0.5490
vn -0.6302 0.7764 0.0001
vn -0.6302 0.5489 0.5491
vn -0.6302 0.0001 -0.7764
vn -0.6302 0.5491 -0.5489
vn -0.6302 -0.5489 -0.5491
vn 0.8511 -0.5250 -0.0000
vn 1.0000 -0.0000 -0.0000
vn -0.8511 -0.5250 -0.0000
vn -0.0000 -0.7071 0.7071
vn -0.0000 -0.0001 1.0000
vn -0.0000 -0.7071 -0.7071
vn -0.0000 0.7071 -0.7071
vn -0.0000 0.7071 0.7071
vn -0.0000 0.0001 1.0000
vn 0.0001 -0.0001 1.0000
vn 0.8511 -0.5251 -0.0000
vn 0.4597 0.6280 -0.6280
vn 0.4597 0.8881 -0.0000
vn 0.4597 0.6280 0.6280
vn 0.4597 -0.0000 -0.8881
vn 0.4597 -0.6280 -0.6280
vn 0.4597 -0.8881 -0.0000
vn 0.4597 -0.6280 0.6280
vn 0.4597 -0.0001 0.8881
vn 0.4597 0.0001 0.8881
vn -0.6303 -0.5489 0.5490
vn -0.6303 -0.7763 -0.0000
vn -0.6304 -0.5490 -0.5489
vn -0.6303 -0.0000 0.7763
vn -0.6303 0.5489 0.5490
vn -0.6303 0.7763 -0.0000
vn -0.6303 0.5490 -0.5489
vn -0.6303 -0.0001 -0.7763
vn -0.0000 0.0001 -1.0000
vn -0.0000 -0.0001 -1.0000
vn -0.6303 -0.0000 -0.7763
vn -0.2667 -0.0000 -0.9638
vn -0.2667 0.6815 -0.6815
vn -0.2667 0.9638 -0.0000
vn -0.2667 -0.6815 -0.6815
vn -0.2667 -0.9638 -0.0000
vn -0.2667 -0.6815 0.6815
vn -0.2667 -0.0001 0.9638
vn -0.2667 0.6815 0.6815
vn -0.2667 0.0001 0.9638
vn 0.0280 0.0350 0.9990
vn -0.0859 0.3940 0.9151
vn 0.9101 0.1838 -0.3714
vn -0.3893 0.8991 0.2001
vn -0.3767 0.6961 -0.6111
vn 0.0458 -0.3063 -0.9508
vn 0.6467 -0.5263 -0.5521
vn 0.8761 -0.4805 0.0400
vn -0.5730 -0.5226 0.6313
vn -0.8161 -0.2413 0.5252
vn -0.4131 0.6245 0.6629
vn -0.4089 0.5946 0.6923
vn -0.4703 0.5427 0.6959
vn -0.4966 0.5399 0.6797
vn -0.7929 -0.6093 -0.0000
vn -0.8595 -0.0000 0.5111
vn -0.8595 -0.0000 -0.5111
vn -0.6519 -0.5009 0.5693
vn -0.6519 -0.5009 -0.5693
vn -0.9145 0.4047 -0.0000
vn -0.7565 0.3342 0.5622
vn -0.7559 0.3331 0.5636
vn -0.7563 0.3323 0.5636
vn -0.7560 0.3350 0.5623
vn -0.7559 0.3330 -0.5636
vn -0.7557 0.3334 -0.5637
vn -0.7563 0.3323 -0.5636
vn -0.7564 0.3344 -0.5622
vn -0.7567 0.3339 -0.5621
vn -0.7560 0.3350 -0.5623
vn -0.0000 -0.7686 0.6398
vn -0.0000 -0.7686 -0.6398
vn -0.8161 -0.2413 -0.5252
vn -0.5718 -0.5203 -0.6343
vn -0.5739 -0.5240 -0.6294
vn 0.3313 0.6061 0.7231
vn -0.0000 0.7685 0.6398
vn 0.3467 0.6283 0.6964
vn 0.3539 0.6297 0.6915
vn -0.0000 0.7685 -0.6398
vn 0.3539 0.6297 -0.6915
vn 0.3477 0.6301 -0.6943
vn -0.4116 0.6235 -0.6647
vn -0.4089 0.5946 -0.6923
vn -0.4966 0.5398 -0.6797
vn -0.4703 0.5427 -0.6959
vn 0.0006 0.0008 -1.0000
vn 0.0008 0.0010 -1.0000
vn 0.0141 0.0177 -0.9997
vn 0.2980 -0.6384 0.7096
vn -0.3465 -0.6125 0.7105
vn -0.3431 -0.6078 0.7162
vn 0.2891 -0.6488 0.7039
vn 0.2980 -0.6384 -0.7096
vn -0.3431 -0.6077 -0.7162
vn -0.3465 -0.6125 -0.7105
vn 0.2892 -0.6488 -0.7039
vn 0.5939 0.8045 -0.0000
vn -0.0000 0.7686 0.6398
vn 0.0866 0.8676 0.4896
vn 0.0427 0.8296 0.5568
vn 0.0427 0.8296 -0.5568
vn -0.0000 0.7686 -0.6398
vn 0.0866 0.8676 -0.4896
vn -0.5985 -0.8011 -0.0000
vn -0.9589 -0.2836 -0.0000
vn 0.5407 -0.8412 -0.0000
vn 0.9097 -0.4153 -0.0000
vn 0.3294 0.5808 0.7444
vn -0.2800 0.6037 0.7465
vn -0.1882 0.6745 0.7139
vn 0.2608 0.6385 0.7241
vn 0.3294 0.5808 -0.7444
vn -0.1881 0.6745 -0.7139
vn -0.2800 0.6036 -0.7465
vn 0.2608 0.6385 -0.7241
vn 0.1322 0.9912 -0.0000
vn 0.2621 0.9650 -0.0000
vn 0.0801 0.8496 -0.5213
vn 0.2422 0.8595 -0.4501
vn 0.1654 0.8594 -0.4837
vn 0.0831 0.8692 -0.4874
vn 0.0802 0.8496 0.5213
vn 0.1654 0.8594 0.4837
vn 0.2422 0.8595 0.4501
vn 0.0831 0.8692 0.4874
vn 0.5269 0.8499 -0.0000
vn 0.5185 0.8551 -0.0000
vn -0.9092 0.4163 -0.0000
vn -0.4827 0.8758 -0.0000
vn 0.5629 0.8265 -0.0000
vn 0.9305 0.3663 -0.0000
vn 0.5321 -0.5699 0.6262
vn 0.7434 -0.3459 0.5724
vn 0.7444 -0.3439 0.5724
vn 0.5302 -0.5678 -0.6296
vn 0.7447 -0.3438 -0.5721
vn 0.7434 -0.3459 -0.5724
vn 0.5187 -0.5733 -0.6343
vn 0.5311 -0.5687 0.6281
vn 0.7443 -0.3424 0.5735
vn 0.5187 -0.5733 0.6343
vn 0.5620 0.5018 0.6575
vn 0.7352 0.2793 0.6177
vn 0.7346 0.2818 0.6172
vn 0.4939 0.5637 0.6620
vn 0.7352 0.2793 -0.6177
vn 0.5620 0.5018 -0.6575
vn 0.7346 0.2818 -0.6172
vn 0.4939 0.5637 -0.6621
vn -0.5739 -0.5240 0.6294
vn -0.5718 -0.5203 0.6343
vn -0.5731 -0.5226 -0.6313
vn 0.3224 0.5955 0.7358
vn 0.3398 0.6083 0.7173
vn 0.3157 0.5883 0.7444
vn 0.3386 0.6159 -0.7113
vn 0.3398 0.6083 -0.7173
vn 0.7467 0.3813 -0.5450
vn 0.7474 0.3829 -0.5430
vn 0.7473 0.3834 -0.5427
vn 0.7466 0.3815 -0.5450
vn 0.7467 0.3815 0.5449
vn 0.7466 0.3815 0.5450
vn 0.7469 0.3813 0.5448
vn 0.5659 0.5263 0.6346
vn 0.5658 0.5149 0.6440
vn 0.5612 0.5176 0.6459
vn 0.5672 0.5284 0.6317
vn 0.5715 0.5253 0.6304
vn 0.5649 0.5245 0.6371
vn 0.5621 0.5194 -0.6436
vn 0.5661 0.5266 -0.6342
vn 0.5716 0.5254 -0.6303
vn 0.5658 0.5149 -0.6440
vn 0.8872 0.4614 -0.0000
vn 0.8064 -0.5914 -0.0000
vn 0.9199 0.3921 -0.0000
vn 0.7071 -0.7072 -0.0000
vn 0.9810 0.1939 -0.0000
vn 0.8824 0.4706 -0.0000
vn 0.9376 0.3477 -0.0000
vn 0.4825 0.8759 -0.0000
vn 0.9759 0.2181 -0.0000
vn 0.9577 0.2879 -0.0000
vn 0.7681 0.6404 -0.0000
vn 0.4414 0.1412 -0.8861
vn 0.3992 0.1816 -0.8987
vn 0.3967 0.1806 -0.9000
vn 0.4081 0.1848 -0.8940
vn 0.4403 0.1409 -0.8867
vn 0.4365 0.1400 -0.8887
vn 0.4358 0.1399 0.8891
vn 0.3974 0.1809 0.8996
vn 0.4365 0.1400 0.8887
vn 0.3967 0.1806 0.9000
vn 0.3612 -0.2649 -0.8941
vn 0.3612 -0.2649 0.8941
vn 0.3936 0.1973 -0.8978
vn 0.2009 -0.2895 -0.9359
vn 0.3944 0.1977 -0.8974
vn 0.2074 -0.2772 -0.9382
vn 0.3936 0.1973 0.8978
vn 0.2008 -0.2895 0.9359
vn 0.2073 -0.2772 0.9382
vn 0.3944 0.1978 0.8974
vn 0.9078 -0.4193 -0.0000
vn 0.7809 -0.6247 -0.0000
vn 0.8844 -0.4667 0.0001
vn 0.9705 -0.2411 -0.0000
vn 0.8844 -0.4667 -0.0000
vn 0.4412 0.0273 -0.8970
vn 0.4051 0.2161 -0.8884
vn 0.4403 0.0272 -0.8974
vn 0.4436 0.0277 -0.8958
vn 0.4413 0.0273 0.8970
vn 0.4051 0.2161 0.8884
vn 0.4436 0.0277 0.8958
vn 0.4403 0.0272 0.8974
vn 0.1559 0.3652 -0.9178
vn 0.4319 0.0499 -0.9005
vn 0.1566 0.3669 -0.9170
vn 0.4336 0.0505 -0.8997
vn 0.1559 0.3652 0.9178
vn 0.4319 0.0499 0.9005
vn 0.4336 0.0505 0.8997
vn 0.1566 0.3669 0.9170
vn 0.4671 -0.2614 -0.8447
vn 0.5484 -0.1427 -0.8240
vn 0.5469 -0.1446 -0.8246
vn 0.4633 -0.2682 -0.8447
vn 0.3395 0.2831 -0.8970
vn 0.4298 0.0865 -0.8988
vn 0.4312 0.0871 -0.8980
vn 0.3395 0.2831 0.8970
vn 0.4298 0.0865 0.8988
vn 0.4312 0.0871 0.8980
vn 0.1877 -0.4260 0.8851
vn 0.4737 -0.2395 0.8475
vn 0.4823 -0.2258 0.8464
vn 0.1870 -0.4243 0.8860
vn 0.5484 -0.1427 0.8240
vn 0.5469 -0.1446 0.8246
vn 0.5040 -0.2709 -0.8201
vn 0.2885 0.5054 -0.8132
vn 0.3337 0.4794 -0.8117
vn 0.5142 -0.2496 -0.8206
vn 0.5040 -0.2710 0.8201
vn 0.2886 0.5054 0.8132
vn 0.5142 -0.2495 0.8206
vn 0.3337 0.4794 0.8117
vn 0.1877 -0.4260 -0.8851
vn 0.4931 -0.1980 -0.8471
vn 0.1870 -0.4243 -0.8860
vn 0.4891 -0.2047 -0.8479
vn 0.7072 -0.7071 -0.0000
vn -0.0889 -0.9960 -0.0000
vn -0.0000 -0.4167 -0.9090
vn 0.3051 -0.1615 -0.9385
vn 0.3160 -0.1543 -0.9361
vn -0.0000 -0.4172 -0.9088
vn -0.0000 -0.4172 0.9088
vn 0.3051 -0.1616 0.9385
vn -0.0000 -0.4168 0.9090
vn 0.3161 -0.1544 0.9361
vn -0.0358 -0.4004 -0.9156
vn -0.0358 -0.4004 0.9156
vn 0.9994 0.0350 -0.0000
vn 0.5316 0.8470 -0.0000
vn 0.5170 -0.8560 -0.0000
vn 0.3052 -0.9523 -0.0000
vn -0.4240 -0.9056 -0.0000
vn -0.4241 -0.9056 -0.0000
vn -0.8839 -0.4677 -0.0000
vn -0.8839 -0.4676 -0.0000
vn -0.9945 -0.1045 -0.0000
vn -0.6886 0.7252 -0.0000
vn -0.1857 0.3452 -0.9200
vn 0.2003 0.3342 -0.9210
vn -0.1856 0.3449 -0.9201
vn 0.2004 0.3345 -0.9208
vn 0.2002 0.3342 0.9210
vn -0.1857 0.3452 0.9200
vn -0.1856 0.3449 0.9201
vn 0.2004 0.3345 0.9208
vn 0.1213 -0.3683 -0.9217
vn 0.2206 -0.3093 -0.9250
vn 0.1843 -0.3260 -0.9272
vn 0.1167 -0.3698 -0.9218
vn 0.1162 -0.3793 -0.9179
vn 0.1240 -0.3763 -0.9182
vn -0.1631 -0.3609 -0.9182
vn -0.1783 -0.3544 -0.9179
vn -0.3913 -0.2169 -0.8943
vn -0.4042 -0.1997 -0.8926
vn -0.4671 -0.0513 -0.8827
vn -0.4679 -0.0462 -0.8826
vn -0.2606 0.2276 -0.9382
vn -0.2263 0.2548 -0.9401
vn 0.1814 0.3354 -0.9245
vn 0.4005 0.0047 -0.9163
vn 0.1964 0.3280 -0.9240
vn 0.3996 0.0177 -0.9165
vn 0.1814 0.3354 0.9245
vn -0.2606 0.2276 0.9382
vn 0.1964 0.3280 0.9240
vn -0.2263 0.2548 0.9401
vn 0.4005 0.0047 0.9163
vn 0.3996 0.0177 0.9165
vn 0.1843 -0.3260 0.9272
vn 0.2206 -0.3093 0.9250
vn 0.1213 -0.3683 0.9217
vn 0.1167 -0.3698 0.9218
vn 0.1162 -0.3793 0.9179
vn 0.1240 -0.3763 0.9182
vn -0.1783 -0.3544 0.9179
vn -0.1630 -0.3605 0.9184
vn -0.3913 -0.2169 0.8943
vn -0.4671 -0.0513 0.8827
vn -0.4042 -0.1997 0.8926
vn -0.4679 -0.0462 0.8826
vn -0.0000 0.4007 -0.9162
vn -0.1401 0.3584 -0.9230
vn -0.1410 0.3612 -0.9218
vn -0.1286 0.3646 -0.9223
vn -0.0000 0.4007 0.9162
vn -0.1410 0.3612 0.9218
vn -0.1286 0.3645 0.9223
vn -0.1401 0.3584 0.9230
vn -0.1207 0.3701 -0.9211
vn -0.0001 0.4187 -0.9081
vn -0.0001 0.4189 -0.9080
vn -0.1210 0.3707 -0.9208
vn -0.1486 0.3611 -0.9206
vn -0.0001 0.4189 0.9080
vn -0.1486 0.3611 0.9206
vn -0.1210 0.3707 0.9208
vn -0.0000 0.4183 0.9083
vn -0.1207 0.3701 0.9211
vn -0.3052 0.9523 -0.0000
vn -0.3660 -0.2378 -0.8997
vn -0.3665 -0.2381 -0.8994
vn -0.3663 -0.2379 -0.8996
vn -0.3660 -0.2378 0.8997
vn -0.3665 -0.2381 0.8994
vn -0.3662 -0.2379 0.8996
vn -0.3664 -0.2381 0.8995
vn -0.1062 0.3937 -0.9131
vn -0.1278 0.3957 -0.9095
vn -0.1003 0.4061 -0.9083
vn -0.1021 0.4091 -0.9068
vn -0.1132 0.3772 -0.9192
vn -0.1009 0.3804 -0.9193
vn -0.1062 0.3937 0.9131
vn -0.1003 0.4061 0.9083
vn -0.1278 0.3957 0.9095
vn -0.1021 0.4091 0.9068
vn -0.1009 0.3804 0.9193
vn -0.1132 0.3772 0.9192
vn -0.4060 0.2135 -0.8886
vn -0.4060 0.2134 -0.8886
vn -0.4060 0.2134 0.8886
vn -0.4060 0.2135 0.8886
vn 0.4406 0.8977 -0.0000
vn -0.6762 0.7367 -0.0000
vn -0.8386 -0.5448 -0.0000
vn -0.4017 0.1939 -0.8950
vn -0.1465 0.3725 -0.9164
vn -0.4012 0.1935 -0.8953
vn -0.1460 0.3711 -0.9170
vn -0.4017 0.1939 0.8950
vn -0.1465 0.3725 0.9164
vn -0.1460 0.3711 0.9170
vn -0.4012 0.1935 0.8953
vn -0.4654 -0.0560 -0.8833
vn -0.4494 0.0602 -0.8913
vn -0.4512 0.0602 -0.8904
vn -0.4459 0.0601 -0.8931
vn -0.4632 -0.0556 -0.8845
vn -0.4646 -0.0558 -0.8838
vn -0.4636 -0.0557 0.8843
vn -0.4490 0.0602 0.8915
vn -0.4495 0.0602 0.8913
vn -0.4632 -0.0556 0.8845
vn -0.3746 0.2479 -0.8935
vn -0.4485 -0.0638 -0.8915
vn -0.4489 -0.0638 -0.8913
vn -0.3750 0.2482 -0.8932
vn -0.3745 0.2479 0.8935
vn -0.4485 -0.0638 0.8915
vn -0.3750 0.2482 0.8932
vn -0.4489 -0.0638 0.8913
vn -0.4623 -0.1107 -0.8798
vn -0.4801 -0.0192 -0.8770
vn -0.4626 -0.1108 -0.8796
vn -0.4654 -0.1113 0.8781
vn -0.4801 -0.0192 0.8770
vn -0.4626 -0.1107 0.8796
vn -0.4649 -0.1112 0.8783
vn -0.8851 0.4654 -0.0000
vn -0.9840 -0.1781 -0.0000
vn -1.0000 -0.0043 -0.0000
vn -0.9992 -0.0400 -0.0000
vn -0.8652 0.5014 -0.0000
vn -0.4033 0.9151 -0.0000
vn 0.3826 0.9239 -0.0000
vn 0.8656 -0.1032 -0.4899
vn 0.8063 -0.0651 -0.5880
vn 0.7554 -0.0365 -0.6542
vn -0.0000 -0.3252 0.9457
vn 0.5771 -0.5778 0.5771
vn 0.6687 -0.3251 0.6687
vn -0.0000 -0.5778 0.8162
vn -0.5771 -0.5778 0.5771
vn -0.6687 -0.3252 0.6687
vn -0.9457 -0.3252 -0.0000
vn -0.8162 -0.5778 -0.0000
vn -0.5771 -0.5778 -0.5771
vn -0.6687 -0.3252 -0.6687
vn -0.0000 -0.3251 -0.9457
vn 0.5771 -0.5778 -0.5771
vn -0.0000 -0.5778 -0.8162
vn 0.6687 -0.3251 -0.6687
vn 0.8162 -0.5778 -0.0000
vn 0.9457 -0.3251 -0.0000
vn 0.9737 -0.2278 -0.0000
vn 0.6885 -0.2278 0.6885
vn 0.6885 -0.2278 -0.6885
vn -0.0000 -0.2278 -0.9737
vn -0.6885 -0.2278 -0.6885
vn -0.9737 -0.2278 -0.0000
vn -0.6885 -0.2278 0.6885
vn -0.0000 -0.2278 0.9737
vn -0.9165 0.4001 -0.0000
vn -0.3810 0.9246 -0.0000
vn -0.8738 -0.4863 -0.0000
vn -0.6966 -0.7174 -0.0000
vn -0.6966 -0.7175 -0.0000
vn -0.4770 -0.8789 -0.0000
vn 0.4770 -0.8789 -0.0000
vn 0.6966 -0.7175 -0.0000
vn 0.6966 -0.7174 -0.0000
vn 0.8738 -0.4863 -0.0000
vn 0.9165 0.4001 -0.0000
vn 0.3810 0.9246 -0.0000
vn 0.0261 0.9997 -0.0000
vn -0.0261 0.9997 -0.0000
vn 0.5676 -0.5964 -0.5676
vn 0.8027 -0.5964 -0.0000
vn -0.0000 -0.5964 -0.8027
vn -0.5676 -0.5964 -0.5676
vn -0.8027 -0.5964 -0.0000
vn -0.5676 -0.5964 0.5676
vn -0.0000 -0.5964 0.8027
vn 0.5676 -0.5964 0.5676
vn 0.7403 -0.6723 -0.0000
vn 0.5234 -0.6723 0.5234
vn 0.5234 -0.6723 -0.5234
vn -0.0000 -0.6723 -0.7403
vn -0.5234 -0.6723 -0.5234
vn -0.7403 -0.6723 -0.0000
vn -0.5234 -0.6723 0.5234
vn -0.0000 -0.6723 0.7403
vn -0.4733 0.2126 0.8548
vn -0.2012 0.4726 0.8580
vn -0.1926 0.4762 0.8580
vn -0.0141 0.5348 0.8448
vn -0.0140 0.5346 0.8450
vn -0.4795 0.1996 0.8546
vn -0.4720 -0.2436 0.8473
vn -0.4511 -0.2908 0.8438
vn -0.4259 -0.4347 0.7935
vn -0.4210 -0.4395 0.7935
vn -0.2754 -0.4882 0.8281
vn -0.2638 -0.4941 0.8284
vn -0.0000 -0.6000 0.8000
vn -0.0000 -0.6002 0.7998
vn 0.2754 -0.4882 0.8281
vn 0.2638 -0.4941 0.8285
vn 0.4259 -0.4347 0.7935
vn 0.4210 -0.4395 0.7935
vn 0.4511 -0.2908 0.8438
vn 0.4720 -0.2436 0.8473
vn 0.4794 0.1997 0.8546
vn 0.4733 0.2126 0.8548
vn 0.2012 0.4727 0.8579
vn 0.1925 0.4760 0.8581
vn 0.0141 0.5348 0.8448
vn 0.0140 0.5346 0.8450
vn -0.0141 0.5348 -0.8448
vn -0.2012 0.4728 -0.8579
vn -0.1926 0.4761 -0.8580
vn -0.0140 0.5346 -0.8450
vn -0.4734 0.2126 -0.8548
vn -0.4795 0.1996 -0.8545
vn -0.4720 -0.2436 -0.8473
vn -0.4511 -0.2907 -0.8438
vn -0.4259 -0.4346 -0.7936
vn -0.4209 -0.4394 -0.7936
vn -0.2753 -0.4881 -0.8282
vn -0.2638 -0.4941 -0.8284
vn -0.0000 -0.6000 -0.8000
vn -0.0000 -0.6002 -0.7998
vn 0.2754 -0.4882 -0.8281
vn 0.2638 -0.4941 -0.8284
vn 0.4258 -0.4345 -0.7937
vn 0.4210 -0.4395 -0.7935
vn 0.4511 -0.2908 -0.8438
vn 0.4720 -0.2436 -0.8473
vn 0.4795 0.1996 -0.8546
vn 0.4734 0.2126 -0.8548
vn 0.2013 0.4729 -0.8578
vn 0.1925 0.4760 -0.8581
vn 0.0141 0.5348 -0.8448
vn 0.0140 0.5346 -0.8450
vn -0.7071 -0.0000 0.7071
vn 0.7071 -0.0000 0.7071
vn -0.7071 -0.0000 -0.7071
vn 0.7071 -0.0000 -0.7071
vn -0.0195 -0.5121 -0.8587
vn 0.1922 -0.4421 -0.8761
vn 0.1813 -0.4469 -0.8760
vn 0.4710 -0.1904 -0.8613
vn 0.4804 -0.1694 -0.8605
vn 0.4464 0.2815 -0.8494
vn 0.3937 0.3872 -0.8337
vn 0.4292 0.4868 -0.7608
vn 0.4284 0.4875 -0.7608
vn 0.3364 0.4777 -0.8116
vn 0.3002 0.4970 -0.8141
vn -0.0000 0.6180 -0.7862
vn -0.0000 0.6182 -0.7860
vn -0.3364 0.4777 -0.8116
vn -0.3003 0.4971 -0.8141
vn -0.4292 0.4868 -0.7608
vn -0.4284 0.4875 -0.7608
vn -0.3937 0.3871 -0.8337
vn -0.4464 0.2815 -0.8494
vn -0.4804 -0.1694 -0.8605
vn -0.4710 -0.1904 -0.8613
vn -0.1922 -0.4421 -0.8761
vn -0.1813 -0.4469 -0.8760
vn 0.0195 -0.5121 -0.8587
vn 0.0195 -0.5122 -0.8587
vn 0.4710 -0.1904 0.8613
vn 0.1922 -0.4421 0.8761
vn 0.1813 -0.4469 0.8760
vn -0.0195 -0.5122 0.8587
vn -0.0195 -0.5121 0.8587
vn 0.4804 -0.1694 0.8605
vn 0.4464 0.2815 0.8494
vn 0.3937 0.3872 0.8337
vn 0.4292 0.4868 0.7608
vn 0.4284 0.4875 0.7608
vn 0.3364 0.4777 0.8116
vn 0.3003 0.4971 0.8141
vn -0.0000 0.6180 0.7862
vn -0.0000 0.6182 0.7860
vn -0.3364 0.4777 0.8116
vn -0.3002 0.4970 0.8141
vn -0.4292 0.4868 0.7608
vn -0.4284 0.4874 0.7608
vn -0.3937 0.3872 0.8337
vn -0.4464 0.2814 0.8494
vn -0.4804 -0.1694 0.8605
vn -0.4710 -0.1904 0.8613
vn -0.1922 -0.4421 0.8761
vn -0.1813 -0.4469 0.8760
vn 0.0195 -0.5122 0.8586
vn 0.0195 -0.5122 0.8587
vn 0.5760 0.5800 -0.5760
vn -0.0000 0.5800 -0.8146
vn -0.5760 0.5800 -0.5760
vn 0.8146 0.5800 -0.0000
vn 0.5760 0.5800 0.5760
vn -0.0000 0.5800 0.8146
vn -0.5760 0.5800 0.5760
vn -0.8146 0.5800 -0.0000
vn -0.3033 0.9033 0.3033
vn -0.0000 0.9033 0.4290
vn 0.3033 0.9033 0.3033
vn -0.4290 0.9033 -0.0000
vn -0.3033 0.9033 -0.3033
vn -0.0000 0.9033 -0.4290
vn 0.3033 0.9033 -0.3033
vn 0.4290 0.9033 -0.0000
vn 0.9347 -0.3554 -0.0000
vn 0.3873 -0.9219 -0.0000
vn 0.8083 0.5888 -0.0000
vn -0.0370 -0.9993 -0.0000
vn 0.6612 0.7502 -0.0000
vn 0.5319 0.8468 -0.0000
vn -0.5319 0.8468 -0.0000
vn -0.6612 0.7502 -0.0000
vn -0.8083 0.5888 -0.0000
vn -0.9347 -0.3554 -0.0000
vn -0.3873 -0.9219 -0.0000
vn 0.0370 -0.9993 -0.0000
vn 0.1067 -0.8106 0.5758
vn 0.1067 -0.8112 0.5749
vn -0.4016 -0.8231 0.4016
vn -0.5679 -0.8231 -0.0000
vn -0.4016 -0.8231 -0.4016
vn -0.0000 -0.8231 -0.5679
vn 0.4016 -0.8231 -0.4016
vn 0.5679 -0.8231 -0.0000
vn 0.4016 -0.8231 0.4016
vn -0.1067 -0.8112 0.5749
vn -0.1067 -0.8106 0.5758
vn 0.0002 -0.6302 0.7765
vn -0.7765 -0.6302 0.0002
vn 0.7765 -0.6302 -0.0002
vn 0.5491 -0.6302 0.5490
vn -0.5489 -0.6302 0.5491
vn -0.0002 -0.6302 -0.7765
vn -0.5491 -0.6302 -0.5489
vn 0.5489 -0.6302 -0.5491
vn 0.7793 -0.6266 -0.0000
vn 0.5510 -0.6266 0.5511
vn 0.5510 -0.6267 -0.5511
vn -0.0000 -0.6266 0.7793
vn -0.5522 -0.6246 0.5523
vn -0.7793 -0.6266 -0.0000
vn -0.5490 -0.6304 -0.5489
vn 0.0001 -0.6303 -0.7763
vn -0.0001 -0.0000 -1.0000
vn 0.0001 -0.0000 -1.0000
vn -0.0001 -0.6304 -0.7763
vn 0.7281 -0.0000 -0.6855
vn 0.7281 -0.0000 0.6855
vn 0.0311 -0.0000 0.9995
vn -0.7281 -0.0000 -0.6855
vn -0.7281 -0.0000 0.6855
vn -0.0311 -0.0000 0.9995
vn 0.1066 -0.0000 -0.9943
vn 0.3136 -0.0000 -0.9495
vn 0.5030 -0.0000 -0.8643
vn 0.6663 -0.0000 -0.7457
vn 0.7986 -0.0000 -0.6019
vn 0.8977 -0.0000 -0.4406
vn 0.9633 -0.0000 -0.2684
vn 0.9959 -0.0000 -0.0901
vn 0.9959 -0.0000 0.0901
vn 0.9633 -0.0000 0.2684
vn 0.8977 -0.0000 0.4406
vn 0.7986 -0.0000 0.6019
vn 0.6663 -0.0000 0.7457
vn 0.5030 -0.0000 0.8643
vn 0.3136 -0.0000 0.9495
vn 0.1066 -0.0000 0.9943
vn -0.1066 -0.0000 0.9943
vn -0.3136 -0.0000 0.9495
vn -0.5030 -0.0000 0.8643
vn -0.6663 -0.0000 0.7457
vn -0.7986 -0.0000 0.6019
vn -0.8977 -0.0000 0.4406
vn -0.9633 -0.0000 0.2684
vn -0.9959 -0.0000 0.0901
vn -0.9959 -0.0000 -0.0901
vn -0.9633 -0.0000 -0.2684
vn -0.8977 -0.0000 -0.4406
vn -0.7986 -0.0000 -0.6019
vn -0.6663 -0.0000 -0.7457
vn -0.5030 -0.0000 -0.8643
vn -0.3136 -0.0000 -0.9495
vn -0.1066 -0.0000 -0.9943
vn 0.0312 -0.0000 0.9995
vn -0.0312 -0.0000 0.9995
vn 0.0312 0.0002 0.9995
vn -0.4729 0.8811 -0.0000
vn -0.3409 0.8888 0.3064
vn -0.3409 0.8888 -0.3064
vn -0.3292 0.8893 0.3175
vn -0.3292 0.8893 -0.3175
vn -0.0000 0.8970 -0.4421
vn 0.3409 0.8888 -0.3064
vn 0.3292 0.8893 -0.3175
vn 0.4729 0.8811 -0.0000
vn 0.3409 0.8888 0.3064
vn 0.3292 0.8893 0.3175
vn -0.1542 0.8762 0.4566
vn -0.1541 0.8754 0.4582
vn 0.1543 0.8762 0.4567
vn 0.1541 0.8754 0.4582
vn -0.5134 -0.7199 -0.4670
vn -0.7084 -0.7058 -0.0000
vn -0.4999 -0.7207 -0.4803
vn -0.0000 -0.7352 -0.6778
vn 0.5134 -0.7199 -0.4670
vn 0.4999 -0.7207 -0.4803
vn 0.7084 -0.7058 -0.0000
vn 0.5134 -0.7200 0.4670
vn 0.4999 -0.7207 0.4803
vn -0.0822 -0.7158 0.6935
vn -0.0821 -0.7150 0.6943
vn -0.5134 -0.7200 0.4670
vn -0.4999 -0.7207 0.4803
vn 0.0821 -0.7158 0.6935
vn 0.0821 -0.7150 0.6943
vn 0.0980 -0.0000 -0.9952
vn 0.2903 -0.0000 -0.9569
vn 0.4714 -0.0000 -0.8819
vn 0.6344 -0.0000 -0.7730
vn 0.7730 -0.0000 -0.6344
vn 0.8819 -0.0000 -0.4714
vn 0.9569 -0.0000 -0.2903
vn 0.9952 -0.0000 -0.0980
vn 0.9952 -0.0000 0.0980
vn 0.9569 -0.0000 0.2903
vn 0.8819 -0.0000 0.4714
vn 0.7730 -0.0000 0.6344
vn 0.6344 -0.0000 0.7730
vn 0.4714 -0.0000 0.8819
vn 0.2903 -0.0000 0.9569
vn 0.0980 -0.0000 0.9952
vn -0.0980 -0.0000 0.9952
vn -0.2903 -0.0000 0.9569
vn -0.4714 -0.0000 0.8819
vn -0.6344 -0.0000 0.7730
vn -0.7730 -0.0000 0.6344
vn -0.8819 -0.0000 0.4714
vn -0.9569 -0.0000 0.2903
vn -0.9952 -0.0000 0.0980
vn -0.9952 -0.0000 -0.0980
vn -0.9569 -0.0000 -0.2903
vn -0.8819 -0.0000 -0.4714
vn -0.7730 -0.0000 -0.6344
vn -0.6344 -0.0000 -0.7730
vn -0.4714 -0.0000 -0.8819
vn -0.2903 -0.0000 -0.9569
vn -0.0980 -0.0000 -0.9952
vn -0.8664 0.4993 -0.0000
vn -0.5654 0.3267 -0.7574
vn -0.5668 0.3254 -0.7569
vn -0.5665 0.3254 -0.7571
vn -0.5659 0.3255 -0.7575
vn -0.5654 0.3267 0.7574
vn -0.5667 0.3254 0.7569
vn -0.5658 0.3255 0.7576
vn -0.5665 0.3254 0.7571
vn 0.5281 0.3721 -0.7633
vn 0.0496 0.7841 -0.6187
vn 0.5128 0.3237 -0.7952
vn 0.0762 0.7944 -0.6026
vn 0.6205 -0.0000 -0.7842
vn 0.0688 0.8019 -0.5935
vn 0.0229 0.7960 -0.6049
vn 0.0716 0.8049 -0.5891
vn -0.0766 0.7692 -0.6344
vn 0.0330 0.8082 -0.5880
vn -0.0787 0.7381 -0.6701
vn -0.0361 0.8625 -0.5048
vn -0.0106 0.8104 -0.5857
vn -0.0000 0.9258 -0.3780
vn 0.0496 0.7840 0.6187
vn 0.5281 0.3722 0.7633
vn 0.5131 0.3242 0.7947
vn 0.0762 0.7944 0.6026
vn 0.0688 0.8019 0.5935
vn 0.0229 0.7960 0.6049
vn 0.0716 0.8049 0.5891
vn 0.0330 0.8082 0.5880
vn -0.0767 0.7692 0.6344
vn -0.0788 0.7381 0.6701
vn -0.0361 0.8624 0.5049
vn -0.0000 0.9258 0.3780
vn -0.0105 0.8104 0.5857
vn 0.6205 -0.0000 0.7842
vn 0.8546 0.5193 -0.0000
vn 0.8543 0.5197 -0.0000
vn 0.0267 0.9996 -0.0000
vn 0.0178 0.9998 -0.0001
vn 0.0176 0.9998 -0.0000
vn 0.0300 0.9996 -0.0000
vn -0.0519 0.9986 -0.0000
vn 0.0310 0.9995 0.0001
vn -0.0534 0.9986 -0.0000
vn -0.0074 1.0000 -0.0000
vn -0.0044 1.0000 -0.0000
vn 0.7873 -0.0000 0.6166
vn 0.9681 -0.0000 0.2507
vn -0.0000 0.9274 0.3741
vn -0.0000 0.9877 0.1566
vn -0.0600 -0.7835 -0.6185
vn -0.0716 -0.7990 -0.5970
vn -0.0462 -0.7985 -0.6003
vn -0.0273 -0.7711 -0.6362
vn 0.0537 -0.7677 -0.6385
vn 0.0706 -0.7891 -0.6102
vn 0.0367 -0.7467 -0.6642
vn 0.0611 -0.7811 -0.6215
vn -0.0000 -0.8267 -0.5626
vn 0.0376 -0.8045 -0.5928
vn 0.0721 -0.8026 -0.5921
vn 0.0229 -0.7842 -0.6201
vn 0.0646 -0.7936 -0.6050
vn 0.0376 -0.8045 0.5928
vn -0.0716 -0.7990 0.5970
vn -0.0462 -0.7984 0.6003
vn 0.0721 -0.8026 0.5921
vn 0.0646 -0.7936 0.6050
vn 0.0229 -0.7842 0.6201
vn -0.0000 -0.8267 0.5626
vn -0.0601 -0.7835 0.6185
vn -0.0273 -0.7710 0.6362
vn 0.0537 -0.7677 0.6385
vn 0.0367 -0.7467 0.6641
vn 0.0706 -0.7891 0.6102
vn 0.0611 -0.7811 0.6214
vn 0.0011 -1.0000 -0.0000
vn 0.0007 -1.0000 -0.0001
vn 0.0236 -0.9997 0.0001
vn 0.0249 -0.9997 -0.0000
vn -0.0243 -0.9997 -0.0001
vn -0.0250 -0.9997 -0.0000
vn 0.0117 -0.9999 -0.0000
vn 0.0091 -1.0000 -0.0000
vn -0.0140 -0.9999 -0.0000
vn -0.0110 -0.9999 -0.0000
vn 0.0340 -0.9994 -0.0000
vn 0.0318 -0.9995 -0.0000
vn -0.0000 -0.9274 0.3741
vn -0.0000 -0.9877 0.1566
vn -0.7874 -0.0000 0.6165
vn -0.4063 0.9137 -0.0000
vn -0.9680 -0.0000 0.2508
vn -0.7597 0.0974 -0.6430
vn -0.7624 0.0968 -0.6399
vn -0.7571 0.1006 -0.6455
vn -0.7662 0.0953 -0.6355
vn -0.8521 0.5235 -0.0000
vn -0.0000 0.7070 -0.7072
vn -0.0000 -0.0002 -1.0000
vn -0.0000 -0.3828 -0.9238
vn -0.0000 1.0000 -0.0001
vn -0.0000 0.7072 -0.7070
vn -0.0000 1.0000 0.0001
vn -0.0000 0.7072 0.7070
vn -0.0000 0.7070 0.7072
vn -0.0000 -0.3828 0.9238
vn -0.0000 -0.0002 1.0000
vn -0.0000 0.1472 -0.9891
vn -0.0000 0.1472 0.9891
vn 0.6312 0.7756 -0.0000
vn -0.0000 -0.2464 0.9692
vn -0.0000 -0.7072 0.7070
vn 0.0001 -0.7072 0.7070
vn -0.0000 -0.2469 0.9691
vn -0.0000 -0.7072 -0.7070
vn -0.0000 -0.2464 -0.9692
vn -0.0001 -0.7072 -0.7070
vn -0.0000 -0.2467 -0.9691
vn -0.0000 -0.2469 -0.9691
vn 0.9907 0.1358 -0.0000
vn -0.0000 0.9239 -0.3826
vn -0.0000 0.9239 0.3826
vn -0.9083 0.4184 -0.0000
vn -0.9082 0.4185 -0.0000
vn -0.3403 0.9403 -0.0000
vn -0.3400 0.9404 -0.0000
vn 0.5022 0.8647 -0.0000
vn 0.9631 0.2690 -0.0000
vn 0.9633 0.2686 -0.0000
vn -0.0000 0.3826 -0.9239
vn -0.0000 0.3826 0.9239
vn -0.0000 -0.4944 -0.8692
vn -0.0000 -0.4944 0.8692
vn -0.0000 -0.3827 -0.9239
vn -0.0000 -0.3827 0.9239
vn -0.0000 -0.9239 -0.3827
vn -0.0000 -0.9239 0.3827
vn -0.7352 -0.6778 -0.0000
vn -0.0001 -1.0000 -0.0000
vn 0.0001 1.0000 -0.0000
vn 0.7353 0.6778 -0.0000
vt 0.399208 0.497107
vt 0.379810 0.491412
vt 0.596247 0.493563
vt 0.379810 0.258588
vt 0.596247 0.256437
vt 0.399208 0.252893
vt 0.375000 0.732813
vt 0.125000 0.517187
vt 0.375000 0.517187
vt 0.125000 0.732813
vt 0.375000 0.017187
vt 0.375000 0.232813
vt 0.375000 0.500000
vt 0.375000 0.250000
vt 0.375000 1.000000
vt 0.379810 0.758588
vt 0.379810 0.991412
vt 0.375000 0.750000
vt 0.399208 0.997108
vt 0.399208 0.752893
vt 0.625000 0.232813
vt 0.596247 0.993563
vt 0.625000 1.000000
vt 0.625000 0.235447
vt 0.618293 0.296006
vt 0.624800 0.253626
vt 0.618293 0.953994
vt 0.624800 0.996374
vt 0.625000 0.017187
vt 0.624848 0.251683
vt 0.625000 0.250000
vt 0.624921 0.251382
vt 0.624848 0.998317
vt 0.624921 0.998618
vt 0.625000 0.731688
vt 0.625000 0.717318
vt 0.625000 0.532682
vt 0.625000 0.518311
vt 0.625000 0.518312
vt 0.625000 0.517187
vt 0.625000 0.732813
vt 0.596247 0.756437
vt 0.591872 0.286335
vt 0.591872 0.963666
vt 0.625076 0.250748
vt 0.625076 0.999252
vt 0.625000 0.500000
vt 0.625000 0.750000
vt 0.623777 0.352487
vt 0.625000 0.351969
vt 0.623778 0.897513
vt 0.625000 0.898031
vt 0.625000 0.731689
vt 0.875000 0.732813
vt 0.875000 0.517187
vt 0.390252 0.256888
vt 0.375000 0.235447
vt 0.390252 0.993113
vt 0.875000 0.500000
vt 0.875000 0.716641
vt 0.875000 0.750000
vt 0.875000 0.533359
vt 0.375000 0.632075
vt 0.375000 0.617925
vt 0.625000 0.717319
vt 0.370565 0.632075
vt 0.125000 0.617925
vt 0.370565 0.617925
vt 0.125000 0.632075
vt 0.375000 0.325000
vt 0.375000 0.300000
vt 0.375000 0.425000
vt 0.375000 0.350000
vt 0.375000 0.400000
vt 0.375000 0.450000
vt 0.750000 1.000000
vt 0.500000 1.000000
vt 0.875000 1.000000
vt 1.000000 1.000000
vt 0.250000 1.000000
vt 0.125000 1.000000
vt 0.000000 1.000000
vt 0.250000 0.010000
vt 0.010000 0.250000
vt 0.080294 0.080294
vt 0.490000 0.250000
vt 0.419706 0.080294
vt 0.250000 0.490000
vt 0.419706 0.419706
vt 0.080294 0.419706
vt 0.225000 0.750000
vt 0.200000 0.500000
vt 0.225000 0.500000
vt 0.200000 0.750000
vt 0.175000 0.500000
vt 0.175000 0.750000
vt 0.325000 0.500000
vt 0.325000 0.750000
vt 0.125000 0.500000
vt 0.125000 0.750000
vt 0.275000 0.750000
vt 0.275000 0.500000
vt 0.375000 0.950000
vt 0.375000 0.925000
vt 0.375000 0.825000
vt 0.375000 0.900000
vt 0.375000 0.850000
vt 0.375000 0.800000
vt 0.300000 0.500000
vt 0.300000 0.750000
vt 0.375000 0.000000
vt 0.625000 0.000000
vt 0.623518 0.376877
vt 0.623648 0.364682
vt 0.388613 0.496847
vt 0.623000 0.425658
vt 0.623389 0.389072
vt 0.622223 0.498828
vt 0.617070 0.499466
vt 0.621311 0.237491
vt 0.625000 0.364304
vt 0.625000 0.735447
vt 0.625000 0.514553
vt 0.375000 0.735447
vt 0.375000 0.514553
vt 0.622223 0.751172
vt 0.617070 0.750534
vt 0.388613 0.753153
vt 0.875000 0.514553
vt 0.875000 0.735447
vt 0.622266 0.247304
vt 0.614998 0.048632
vt 0.622266 1.002696
vt 0.614998 1.201369
vt 0.125000 0.735447
vt 0.125000 0.514553
vt 0.621311 1.012509
vt 0.618391 1.007941
vt 0.623150 0.248221
vt 0.623150 1.001779
vt 0.625000 0.885695
vt 0.623648 0.885318
vt 0.609751 -0.016781
vt 0.616824 0.239551
vt 0.618391 0.242058
vt 0.619644 0.241462
vt 0.623109 0.239097
vt 0.623514 0.247165
vt 0.623554 0.246238
vt 0.616824 1.010449
vt 0.623518 0.873123
vt 0.623000 0.824342
vt 0.623389 0.860928
vt 0.609751 1.266781
vt 0.625000 0.425984
vt 0.625000 0.824016
vt 0.625000 0.376640
vt 0.625000 0.873360
vt 0.699016 0.735447
vt 0.699016 0.514553
vt 0.736024 0.735447
vt 0.736024 0.514553
vt 0.625000 0.861024
vt 0.625000 0.388976
vt 0.773031 0.514553
vt 0.773031 0.735447
vt 0.760695 0.514553
vt 0.760696 0.735447
vt 0.748360 0.514553
vt 0.748360 0.735447
vt 0.619644 1.008538
vt 0.623109 1.010903
vt 0.623514 1.002835
vt 0.623555 1.003763
vt 0.347345 0.500000
vt 0.372646 0.500000
vt 0.359012 0.500000
vt 0.371836 0.500000
vt 0.329629 0.500000
vt 0.274344 0.500000
vt 0.367351 0.500000
vt 0.140299 0.500000
vt 0.241109 0.500000
vt 0.370945 0.500000
vt 0.352182 0.500000
vt 0.367067 0.500000
vt 0.374431 0.500000
vt 0.365154 0.500000
vt 0.374494 0.500000
vt 0.372237 0.500000
vt 0.359077 0.500000
vt 1.000000 0.060151
vt 1.000000 0.939849
vt 0.375000 0.733932
vt 0.125000 0.516068
vt 0.125000 0.733932
vt 0.375000 0.516068
vt 0.000000 0.060151
vt 0.000000 0.939849
vt 0.842067 0.000000
vt 0.989593 0.000000
vt 0.842067 1.000000
vt 0.989593 1.000000
vt 0.999116 0.000000
vt 0.999119 0.000000
vt 0.999116 1.000000
vt 0.999119 1.000000
vt 0.140299 0.750000
vt 0.367351 0.750000
vt 0.392872 0.000000
vt 0.392872 1.000000
vt 0.371836 0.750000
vt 0.370945 0.750000
vt 0.999059 0.000000
vt 0.999059 1.000000
vt 0.375000 0.655317
vt 0.375000 0.594683
vt 0.250000 0.594683
vt 0.250000 0.655317
vt 0.125000 0.655317
vt 0.125000 0.594683
vt 0.979544 0.000000
vt 0.996554 0.000000
vt 0.850742 0.000000
vt 0.996926 0.000000
vt 0.979544 1.000000
vt 0.850742 1.000000
vt 0.996554 1.000000
vt 0.996927 1.000000
vt 0.372237 0.750000
vt 0.365154 0.750000
vt 0.374431 0.750000
vt 0.359077 0.750000
vt 0.359012 0.750000
vt 0.372646 0.750000
vt 0.347345 0.750000
vt 0.329629 0.750000
vt 0.274344 0.750000
vt 0.241109 0.750000
vt 0.352182 0.750000
vt 0.367067 0.750000
vt 0.374494 0.750000
vt 0.361838 0.750000
vt 0.356403 0.750000
vt 0.356249 0.750000
vt 0.345247 0.750000
vt 0.329947 0.750000
vt 0.277466 0.750000
vt 0.250218 0.750000
vt 0.363630 0.750000
vt 0.348106 0.750000
vt 0.250218 0.500000
vt 0.348106 0.500000
vt 0.363630 0.500000
vt 0.361838 0.500000
vt 0.356403 0.500000
vt 0.356249 0.500000
vt 0.345247 0.500000
vt 0.329947 0.500000
vt 0.277466 0.500000
vt 0.000000 0.000000
vt 1.000000 0.500000
vt 0.968750 1.000000
vt 0.968750 0.500000
vt 0.937500 1.000000
vt 0.937500 0.500000
vt 0.906250 1.000000
vt 0.906250 0.500000
vt 0.843750 1.000000
vt 0.843750 0.500000
vt 0.812500 1.000000
vt 0.812500 0.500000
vt 0.781250 1.000000
vt 0.781250 0.500000
vt 0.750000 0.500000
vt 0.718750 1.000000
vt 0.718750 0.500000
vt 0.687500 1.000000
vt 0.687500 0.500000
vt 0.656250 1.000000
vt 0.656250 0.500000
vt 0.593750 1.000000
vt 0.593750 0.500000
vt 0.562500 1.000000
vt 0.562500 0.500000
vt 0.531250 1.000000
vt 0.531250 0.500000
vt 0.500000 0.500000
vt 0.468750 1.000000
vt 0.468750 0.500000
vt 0.437500 1.000000
vt 0.437500 0.500000
vt 0.406250 1.000000
vt 0.406250 0.500000
vt 0.343750 1.000000
vt 0.343750 0.500000
vt 0.312500 1.000000
vt 0.312500 0.500000
vt 0.281250 1.000000
vt 0.281250 0.500000
vt 0.250000 0.500000
vt 0.218750 1.000000
vt 0.218750 0.500000
vt 0.187500 1.000000
vt 0.187500 0.500000
vt 0.156250 1.000000
vt 0.156250 0.500000
vt 0.093750 1.000000
vt 0.093750 0.500000
vt 0.062500 1.000000
vt 0.062500 0.500000
vt 0.296822 0.485388
vt 0.203178 0.485388
vt 0.158156 0.471731
vt 0.116663 0.449553
vt 0.080294 0.419706
vt 0.050447 0.383337
vt 0.028269 0.341844
vt 0.014612 0.296822
vt 0.010000 0.250000
vt 0.014612 0.203178
vt 0.028269 0.158156
vt 0.050447 0.116663
vt 0.080294 0.080294
vt 0.116663 0.050447
vt 0.158156 0.028269
vt 0.203178 0.014612
vt 0.250000 0.010000
vt 0.296822 0.014612
vt 0.341844 0.028269
vt 0.383337 0.050447
vt 0.419706 0.080294
vt 0.449553 0.116663
vt 0.471731 0.158156
vt 0.485388 0.203178
vt 0.485388 0.296822
vt 0.471731 0.341844
vt 0.449553 0.383337
vt 0.419706 0.419706
vt 0.383337 0.449553
vt 0.341844 0.471731
vt 0.031250 1.000000
vt 0.031250 0.500000
vt 0.000000 0.500000
vt 0.750000 0.490000
vt 0.796822 0.485388
vt 0.841844 0.471731
vt 0.883337 0.449553
vt 0.919706 0.419706
vt 0.949553 0.383337
vt 0.971731 0.341844
vt 0.985388 0.296822
vt 0.990000 0.250000
vt 0.985388 0.203178
vt 0.971731 0.158156
vt 0.949553 0.116663
vt 0.919706 0.080294
vt 0.883337 0.050447
vt 0.841844 0.028269
vt 0.796822 0.014612
vt 0.750000 0.010000
vt 0.703178 0.014612
vt 0.658156 0.028269
vt 0.616663 0.050447
vt 0.580294 0.080294
vt 0.550447 0.116663
vt 0.528269 0.158156
vt 0.514612 0.203178
vt 0.510000 0.250000
vt 0.514612 0.296822
vt 0.528269 0.341844
vt 0.550447 0.383337
vt 0.580294 0.419706
vt 0.616663 0.449553
vt 0.658156 0.471731
vt 0.703178 0.485388
s 1
usemtl 
f 1/1/1 3/2/1 2/3/1
f 4/4/1 2/3/1 3/2/1
f 4/4/1 5/5/1 2/3/1
f 5/5/1 4/4/1 6/6/1
f 7/7/2 8/8/2 10/9/2
f 7/7/2 9/10/2 8/8/2
f 11/11/3 13/11/3 12/12/3
f 13/11/3 14/12/3 12/12/3
f 15/13/4 16/4/5 18/2/4
f 15/13/4 17/14/5 16/4/5
f 19/15/6 20/16/6 22/17/6
f 19/15/6 21/18/6 20/16/6
f 23/12/7 25/12/7 24/6/7
f 26/12/7 28/6/7 27/4/7
f 29/15/8 31/19/8 30/15/8
f 31/19/8 29/15/8 32/17/8
f 33/7/9 35/9/9 34/7/9
f 35/9/9 33/7/9 36/9/9
f 37/9/10 39/1/10 38/9/10
f 39/1/10 37/9/10 40/2/10
f 41/20/11 43/7/11 42/7/11
f 44/7/11 46/20/11 45/16/11
f 47/21/12 49/6/13 48/12/13
f 49/6/13 47/21/12 50/5/12
f 52/19/14 54/22/14 51/23/14
f 51/23/14 53/15/14 52/19/14
f 55/24/15 57/25/16 56/24/17
f 57/25/16 55/24/15 58/26/18
f 59/23/19 61/27/20 60/28/21
f 62/27/22 64/23/21 63/23/22
f 65/21/23 67/11/23 66/29/23
f 67/11/23 65/21/23 68/12/23
f 69/30/24 71/31/25 70/31/24
f 72/31/25 74/30/26 73/32/27
f 75/33/28 77/23/29 76/34/30
f 78/35/31 80/36/32 79/35/33
f 80/36/32 78/35/31 81/36/34
f 83/37/35 85/37/36 82/38/37
f 82/38/37 84/39/38 83/37/35
f 87/40/39 89/9/39 86/1/39
f 86/1/39 88/3/39 87/40/39
f 90/20/40 92/41/40 91/42/40
f 92/41/40 90/20/40 93/7/40
f 94/42/41 95/16/41 97/20/41
f 94/42/41 96/17/41 95/16/41
f 96/17/41 94/42/41 98/22/41
f 96/17/41 98/22/41 99/19/41
f 100/7/42 102/9/42 101/41/42
f 101/41/42 102/9/42 103/40/42
f 104/25/43 106/43/44 105/24/45
f 107/25/43 109/24/45 108/24/43
f 110/27/46 112/23/47 111/44/47
f 113/23/47 115/27/46 114/23/48
f 117/24/49 119/24/49 116/45/49
f 116/45/49 118/26/49 117/24/49
f 120/23/50 122/46/50 121/23/50
f 122/46/50 120/23/50 123/28/50
f 124/31/51 125/3/51 127/5/51
f 124/31/51 126/47/51 125/3/51
f 128/23/52 130/42/52 129/48/52
f 130/42/52 128/23/52 131/22/52
f 132/49/53 133/31/54 135/50/55
f 132/49/53 134/30/54 133/31/54
f 136/23/56 138/51/57 137/52/58
f 138/51/57 136/23/56 139/33/56
f 140/36/59 141/53/60 143/35/61
f 140/36/59 142/36/60 141/53/60
f 144/37/62 146/38/63 145/37/63
f 146/38/63 144/37/62 147/39/64
f 148/54/65 149/40/65 151/55/65
f 148/54/65 150/41/65 149/40/65
f 152/24/66 154/56/67 153/57/67
f 154/56/67 152/24/66 155/43/66
f 157/58/68 159/44/69 156/23/69
f 156/23/69 158/15/68 157/58/68
f 160/59/70 162/59/1 161/59/1
f 162/59/1 160/59/70 163/59/71
f 164/59/72 163/59/71 160/59/70
f 163/59/71 164/59/72 165/59/73
f 166/59/74 165/59/73 164/59/72
f 167/59/1 161/59/1 162/59/1
f 169/59/1 168/59/1 167/59/1
f 161/59/1 167/59/1 168/59/1
f 167/59/1 170/59/1 169/59/1
f 170/59/1 171/59/1 169/59/1
f 170/59/1 172/59/1 171/59/1
f 173/59/1 171/59/1 172/59/1
f 174/60/75 176/61/76 175/60/77
f 176/61/76 174/60/75 177/61/78
f 178/62/79 179/59/80 181/59/81
f 178/62/79 180/62/82 179/59/80
f 183/60/83 185/60/84 182/62/83
f 182/62/83 184/62/85 183/60/83
f 186/62/86 182/62/83 185/60/84
f 186/62/86 187/60/87 188/62/88
f 187/60/87 186/62/86 185/60/84
f 189/60/85 183/60/83 184/62/85
f 190/60/2 192/60/2 191/62/2
f 192/60/2 193/62/2 191/62/2
f 194/60/89 196/61/90 195/60/91
f 196/61/90 194/60/89 197/61/92
f 198/62/93 199/59/94 201/59/95
f 198/62/93 200/62/96 199/59/94
f 202/60/97 203/61/97 205/61/97
f 202/60/97 204/60/97 203/61/97
f 206/62/98 208/59/98 207/62/98
f 208/59/98 206/62/98 209/59/98
f 210/63/99 211/64/100 213/64/101
f 210/63/99 212/63/102 211/64/100
f 214/63/103 210/63/99 213/64/101
f 214/63/103 213/64/101 215/64/103
f 214/63/103 215/64/103 216/64/104
f 217/63/104 214/63/103 216/64/104
f 217/63/104 218/64/105 219/63/105
f 218/64/105 217/63/104 216/64/104
f 220/61/41 222/61/41 221/61/41
f 222/61/41 220/61/41 223/61/41
f 220/61/41 224/61/41 223/61/41
f 224/61/41 220/61/41 225/61/41
f 225/61/41 226/61/106 224/61/41
f 225/61/41 227/61/107 226/61/106
f 227/61/107 228/61/108 226/61/106
f 227/61/107 229/61/109 228/61/108
f 229/61/109 230/61/110 228/61/108
f 231/61/41 221/61/41 222/61/41
f 221/61/41 231/61/41 232/61/41
f 231/61/41 233/61/41 232/61/41
f 235/60/111 237/60/112 234/61/113
f 234/61/113 236/61/111 235/60/111
f 238/59/114 240/62/115 239/59/115
f 240/62/115 238/59/114 241/62/116
f 242/61/117 243/61/118 245/61/119
f 242/61/117 244/61/120 243/61/118
f 245/61/119 246/61/121 242/61/117
f 245/61/119 247/61/122 246/61/121
f 248/61/123 243/61/118 244/61/120
f 243/61/118 248/61/123 249/61/124
f 248/61/123 250/61/125 249/61/124
f 248/61/123 251/61/126 250/61/125
f 252/61/127 250/61/125 251/61/126
f 252/61/127 254/61/128 253/61/129
f 250/61/125 252/61/127 253/61/129
f 252/61/127 255/61/130 254/61/128
f 256/61/131 254/61/128 255/61/130
f 254/61/128 256/61/131 257/61/132
f 258/59/133 260/59/134 259/59/135
f 260/59/134 258/59/133 261/59/133
f 262/59/136 259/59/135 260/59/134
f 264/59/137 263/59/138 262/59/136
f 259/59/135 262/59/136 263/59/138
f 262/59/136 265/59/139 264/59/137
f 266/59/140 264/59/137 265/59/139
f 268/59/141 267/59/142 266/59/140
f 264/59/137 266/59/140 267/59/142
f 266/59/140 269/59/143 268/59/141
f 270/59/144 268/59/141 269/59/143
f 272/59/145 271/59/146 270/59/144
f 268/59/141 270/59/144 271/59/146
f 270/59/144 273/59/147 272/59/145
f 274/65/148 276/53/149 275/36/150
f 276/53/149 274/65/148 277/53/151
f 278/38/152 279/37/153 281/37/154
f 278/38/152 280/39/155 279/37/153
f 282/60/156 283/61/157 285/61/158
f 282/60/156 284/60/159 283/61/157
f 286/60/160 288/61/161 287/60/161
f 288/61/161 286/60/160 289/61/162
f 290/62/163 291/59/164 293/59/165
f 290/62/163 292/62/164 291/59/164
f 294/59/166 296/62/167 295/59/168
f 297/62/169 296/62/167 294/59/166
f 298/36/170 300/37/171 299/65/172
f 300/37/171 298/36/170 301/37/173
f 302/62/174 304/62/175 303/60/174
f 305/60/176 303/60/174 304/62/175
f 306/62/177 305/60/176 304/62/175
f 305/60/176 306/62/177 307/60/178
f 306/62/177 308/62/179 307/60/178
f 309/60/180 307/60/178 308/62/179
f 310/66/181 311/67/182 313/68/181
f 310/66/181 312/69/182 311/67/182
f 312/69/182 314/67/183 311/67/182
f 315/69/183 314/67/183 312/69/182
f 316/63/184 318/67/185 317/69/185
f 318/67/185 316/63/184 319/64/184
f 324/70/1 320/71/1 321/31/1
f 320/71/1 322/14/1 321/31/1
f 322/14/1 320/71/1 323/71/1
f 325/72/1 326/73/1 324/70/1
f 321/31/1 325/72/1 324/70/1
f 326/73/1 325/72/1 327/74/1
f 327/74/1 328/73/1 326/73/1
f 328/73/1 327/74/1 329/74/1
f 325/72/1 330/47/1 331/75/1
f 325/72/1 321/31/1 330/47/1
f 330/47/1 332/13/1 331/75/1
f 333/75/1 331/75/1 332/13/1
f 334/76/186 335/23/186 336/23/186
f 335/23/186 337/77/186 336/23/186
f 335/23/186 334/76/186 338/76/186
f 337/77/186 335/23/186 339/77/186
f 334/76/186 340/78/186 338/76/186
f 341/15/186 337/77/186 339/77/186
f 334/76/186 342/78/186 340/78/186
f 342/78/186 343/79/186 340/78/186
f 343/79/186 342/78/186 344/79/186
f 345/15/186 341/15/186 339/77/186
f 346/80/186 341/15/186 345/15/186
f 346/80/186 345/15/186 347/80/186
f 348/81/186 346/80/186 347/80/186
f 346/80/186 348/81/186 349/81/186
f 350/82/186 349/81/186 348/81/186
f 349/81/186 350/82/186 351/82/186
f 352/82/187 354/82/187 353/81/188
f 354/82/187 355/81/189 353/81/188
f 356/80/190 353/81/188 355/81/189
f 353/81/188 356/80/190 357/80/190
f 356/80/190 358/15/191 357/80/190
f 358/15/191 356/80/190 359/15/191
f 360/77/192 358/15/191 359/15/191
f 358/15/191 360/77/192 361/77/193
f 361/77/193 360/77/192 362/23/194
f 360/77/192 363/23/194 362/23/194
f 364/76/195 362/23/194 363/23/194
f 362/23/194 364/76/195 365/76/195
f 365/76/195 364/76/195 366/78/196
f 364/76/195 367/78/197 366/78/196
f 368/79/198 366/78/196 367/78/197
f 366/78/196 368/79/198 369/79/198
f 370/48/186 371/13/186 373/47/186
f 370/48/186 372/18/186 371/13/186
f 374/83/199 375/84/200 378/85/201
f 374/83/199 376/86/202 375/84/200
f 376/86/202 374/83/199 377/87/203
f 375/84/200 376/86/202 379/88/204
f 379/88/204 376/86/202 380/89/205
f 375/84/200 379/88/204 381/90/206
f 382/91/207 383/92/2 385/93/207
f 382/91/207 384/94/2 383/92/2
f 382/91/207 385/93/207 386/93/208
f 387/91/208 382/91/207 386/93/208
f 384/94/2 388/95/209 383/92/2
f 384/94/2 389/96/209 388/95/209
f 390/96/186 388/95/209 389/96/209
f 388/95/209 390/96/186 391/95/186
f 392/18/2 393/97/2 395/13/2
f 392/18/2 394/98/2 393/97/2
f 396/96/2 397/99/2 399/95/2
f 396/96/2 398/100/2 397/99/2
f 400/101/2 401/93/2 403/102/2
f 400/101/2 402/91/2 401/93/2
f 404/103/41 406/15/41 405/103/41
f 406/15/41 404/103/41 407/23/41
f 407/23/41 404/103/41 408/104/41
f 408/104/41 409/105/41 407/23/41
f 409/105/41 408/104/41 410/106/41
f 410/106/41 412/107/41 411/107/41
f 409/105/41 410/106/41 411/107/41
f 412/107/41 410/106/41 413/106/41
f 407/23/41 409/105/41 414/48/41
f 414/48/41 409/105/41 415/108/41
f 416/18/41 414/48/41 415/108/41
f 415/108/41 417/108/41 416/18/41
f 418/78/210 420/78/210 419/76/2
f 420/78/210 418/78/210 421/79/211
f 422/79/211 421/79/211 418/78/210
f 423/76/2 419/76/2 420/78/210
f 419/76/2 423/76/2 424/23/212
f 425/23/212 424/23/212 423/76/2
f 424/23/212 425/23/212 426/77/41
f 427/77/41 426/77/41 425/23/212
f 426/77/41 427/77/41 428/15/213
f 429/15/213 428/15/213 427/77/41
f 429/15/213 430/80/65 428/15/213
f 430/80/65 429/15/213 431/80/65
f 431/80/65 432/81/214 430/80/65
f 432/81/214 431/80/65 433/81/214
f 432/81/214 433/81/214 434/82/215
f 435/82/215 434/82/215 433/81/214
f 436/23/212 438/23/212 437/77/41
f 438/23/212 436/23/212 439/76/2
f 440/76/2 439/76/2 436/23/212
f 442/78/210 441/78/210 440/76/2
f 439/76/2 440/76/2 441/78/210
f 444/79/211 443/79/216 442/78/210
f 441/78/210 442/78/210 443/79/216
f 445/77/41 437/77/41 438/23/212
f 437/77/41 445/77/41 446/15/213
f 447/15/213 446/15/213 445/77/41
f 447/15/213 448/80/65 446/15/213
f 448/80/65 447/15/213 449/80/65
f 449/80/65 450/81/214 448/80/65
f 450/81/214 449/80/65 451/81/214
f 450/81/214 451/81/214 452/82/215
f 453/82/215 452/82/215 451/81/214
f 455/98/217 457/109/2 454/97/207
f 454/97/207 456/97/208 455/98/217
f 455/98/217 458/110/2 457/109/2
f 458/110/2 459/102/209 457/109/2
f 458/110/2 460/101/209 459/102/209
f 461/101/186 459/102/209 460/101/209
f 459/102/209 461/101/186 462/102/186
f 463/98/208 455/98/217 456/97/208
f 467/15/218 464/80/219 465/80/219
f 464/80/219 466/81/220 465/80/219
f 464/80/219 468/81/220 466/81/220
f 464/80/219 467/15/218 469/15/218
f 470/77/221 469/15/218 467/15/218
f 467/15/218 471/77/221 470/77/221
f 472/23/222 470/77/221 471/77/221
f 470/77/221 472/23/222 473/23/222
f 474/76/223 473/23/222 472/23/222
f 476/78/224 474/76/223 475/76/223
f 472/23/222 475/76/223 474/76/223
f 474/76/223 476/78/224 477/78/224
f 478/79/225 477/78/224 476/78/224
f 476/78/224 479/79/225 478/79/225
f 480/82/226 466/81/220 468/81/220
f 466/81/220 480/82/226 481/82/226
f 482/111/208 483/31/208 485/14/208
f 482/111/208 484/112/208 483/31/208
f 487/80/2 490/15/227 486/80/228
f 486/80/228 488/81/212 487/80/2
f 488/81/212 486/80/228 489/81/229
f 490/15/227 487/80/2 491/15/210
f 491/15/210 492/77/230 490/15/227
f 492/77/230 491/15/210 493/77/1
f 493/77/1 494/23/231 492/77/230
f 494/23/231 493/77/1 495/23/214
f 496/76/65 494/23/231 495/23/214
f 494/23/231 496/76/65 497/76/232
f 497/76/232 498/78/213 499/78/233
f 498/78/213 497/76/232 496/76/65
f 498/78/213 500/79/234 499/78/233
f 500/79/234 498/78/213 501/79/235
f 489/81/229 502/82/236 488/81/212
f 502/82/236 489/81/229 503/82/237
f 507/77/238 504/15/239 505/15/239
f 504/15/239 506/80/240 505/15/239
f 506/80/240 504/15/239 508/80/240
f 504/15/239 507/77/238 509/77/238
f 510/23/241 509/77/238 507/77/238
f 507/77/238 511/23/241 510/23/241
f 512/76/242 510/23/241 511/23/241
f 510/23/241 512/76/242 513/76/242
f 514/78/243 513/76/242 512/76/242
f 512/76/242 515/78/243 514/78/243
f 516/79/244 514/78/243 515/78/243
f 514/78/243 516/79/244 517/79/244
f 518/81/245 506/80/240 508/80/240
f 506/80/240 518/81/245 519/81/245
f 520/82/246 519/81/245 518/81/245
f 518/81/245 521/82/246 520/82/246
f 522/23/212 524/23/212 523/77/41
f 524/23/212 522/23/212 525/76/2
f 526/76/2 525/76/2 522/23/212
f 525/76/2 526/76/2 527/78/210
f 528/78/210 527/78/210 526/76/2
f 527/78/210 528/78/210 529/79/211
f 530/79/211 529/79/211 528/78/210
f 531/77/41 523/77/41 524/23/212
f 523/77/41 531/77/41 532/15/213
f 533/15/213 532/15/213 531/77/41
f 533/15/213 534/80/65 532/15/213
f 534/80/65 533/15/213 535/80/65
f 535/80/65 536/81/214 534/80/65
f 536/81/214 535/80/65 537/81/214
f 536/81/214 537/81/214 538/82/215
f 539/82/215 538/82/215 537/81/214
f 540/113/1 542/56/1 541/114/1
f 543/115/1 542/56/1 540/113/1
f 544/116/1 543/115/1 540/113/1
f 544/116/1 540/113/1 545/117/1
f 546/118/1 543/115/1 544/116/1
f 543/115/1 546/118/1 547/119/1
f 542/56/1 548/43/1 541/114/1
f 549/49/247 541/114/1 548/43/1
f 548/43/1 550/25/248 549/49/247
f 550/25/248 551/30/249 549/49/247
f 551/30/249 550/25/248 552/25/250 553/30/251
f 551/30/249 553/30/251 555/30/252 554/30/253
f 551/30/249 554/30/253 557/30/254 556/30/254
f 548/43/1 542/56/1 558/56/1 559/43/1
f 560/31/255 562/31/256 561/120/256
f 563/121/257 565/49/258 564/50/259
f 565/49/258 563/121/257 566/114/260
f 567/122/186 569/122/186 568/123/186
f 569/122/186 570/123/186 568/123/186
f 571/122/261 573/124/261 572/125/261
f 571/122/261 572/125/261 574/123/261
f 575/123/262 577/118/262 576/123/262
f 577/118/262 575/123/262 578/119/262
f 579/122/263 581/122/263 580/126/263
f 579/122/263 580/126/263 582/127/263
f 583/119/264 585/125/264 584/115/264
f 585/125/264 583/119/264 586/123/264
f 587/124/265 589/122/265 588/127/265
f 587/124/265 588/127/265 590/128/265
f 591/129/266 593/130/266 592/130/266
f 593/130/266 591/129/266 594/129/266
f 595/31/267 597/131/268 596/31/269
f 597/131/268 595/31/267 598/132/270
f 599/133/271 601/23/272 600/23/273
f 602/23/274 604/133/275 603/134/276
f 605/124/2 607/135/2 606/136/2
f 605/124/2 606/136/2 608/125/2
f 609/13/277 611/14/277 610/56/277
f 609/13/277 610/56/277 612/115/277
f 613/18/278 615/58/278 614/15/278
f 615/58/278 613/18/278 616/128/278
f 617/137/279 619/23/280 618/138/281
f 620/139/282 622/31/283 621/131/283
f 623/31/283 625/139/284 624/31/285
f 626/23/286 628/23/287 627/140/288
f 626/23/286 627/140/288 629/133/286
f 630/141/289 632/51/290 631/142/291
f 632/51/290 630/141/289 633/52/292
f 634/131/1 636/143/1 635/144/1
f 636/143/1 634/131/1 637/132/1
f 638/131/1 640/145/1 639/139/1
f 641/146/1 639/139/1 640/145/1
f 642/120/1 641/146/1 640/145/1
f 642/120/1 643/147/1 641/146/1
f 641/146/1 643/147/1 644/148/1
f 644/148/1 643/147/1 645/149/1
f 646/145/1 648/131/1 647/144/1
f 649/133/41 651/138/41 650/150/41
f 652/138/41 654/133/41 653/140/41
f 655/142/41 657/51/293 656/44/41
f 656/44/41 658/58/41 655/142/41
f 658/58/41 659/151/41 655/142/41
f 658/58/41 660/128/41 659/151/41
f 660/128/41 661/152/41 659/151/41
f 662/153/41 659/151/41 661/152/41
f 660/128/41 663/126/41 661/152/41
f 663/126/41 660/128/41 664/127/41
f 665/27/294 656/44/41 657/51/293
f 666/33/295 665/27/294 657/51/293
f 667/134/41 669/133/41 668/154/41
f 668/154/41 669/133/41 670/150/41
f 671/144/296 673/31/297 672/145/298
f 673/31/297 671/144/296 674/31/299
f 675/150/300 677/138/301 676/23/302
f 675/150/300 676/23/302 678/23/303
f 679/129/65 681/130/304 680/130/65
f 681/130/304 679/129/65 682/129/304
f 683/129/304 681/130/304 682/129/304
f 681/130/304 683/129/304 684/130/304
f 685/129/65 684/130/304 683/129/304
f 684/130/304 685/129/65 686/130/65
f 687/118/305 689/116/306 688/155/307
f 687/118/305 688/155/307 690/47/305
f 691/156/308 693/126/309 692/48/309
f 693/126/309 691/156/308 694/152/310
f 695/130/311 697/130/312 696/129/311
f 696/129/311 698/129/313 695/130/311
f 699/130/313 695/130/311 698/129/313
f 699/130/313 698/129/313 700/129/314
f 701/130/314 699/130/313 700/129/314
f 697/130/312 702/129/312 696/129/311
f 703/113/315 705/114/316 704/121/317
f 703/113/315 704/121/317 706/157/318
f 707/151/319 709/141/320 708/142/321
f 709/141/320 707/151/319 710/158/322
f 711/159/323 713/122/65 712/123/65
f 711/159/323 712/123/65 714/160/323
f 711/159/323 714/160/323 715/161/324
f 715/161/324 714/160/323 716/162/324
f 717/156/325 719/163/326 718/153/327
f 718/153/327 720/152/328 717/156/325
f 721/155/329 723/117/330 722/164/331
f 723/117/330 721/155/329 724/116/332
f 725/129/333 727/130/333 726/130/334
f 726/130/334 729/129/334 725/129/333
f 727/130/333 725/129/333 728/129/335
f 726/130/334 730/165/336 729/129/334
f 726/130/334 731/166/336 730/165/336
f 731/166/336 732/167/336 730/165/336
f 731/166/336 733/168/336 732/167/336
f 733/168/336 734/169/337 732/167/336
f 733/168/336 735/170/337 734/169/337
f 735/170/337 736/162/338 734/169/337
f 735/170/337 737/161/338 736/162/338
f 728/129/335 738/130/335 727/130/333
f 739/144/339 741/143/340 740/31/341
f 742/150/342 744/23/343 743/154/344
f 744/23/343 742/150/342 745/23/345
f 746/144/346 748/31/347 747/31/348
f 749/113/349 751/164/350 750/117/351
f 751/164/350 749/113/349 752/157/352
f 753/163/353 755/151/354 754/153/355
f 755/151/354 753/163/353 756/158/356
f 757/120/256 759/145/357 758/31/358
f 760/23/359 762/137/279 761/23/279
f 763/171/41 765/138/41 764/140/41
f 765/138/41 763/171/41 766/137/41
f 767/172/41 766/137/41 763/171/41
f 763/171/41 768/173/41 767/172/41
f 767/172/41 768/173/41 769/174/41
f 770/148/305 772/31/360 771/146/361
f 773/31/362 775/148/305 774/31/305
f 776/23/363 778/23/309 777/173/309
f 777/173/309 779/171/364 776/23/363
f 780/173/365 782/23/366 781/174/367
f 782/23/366 780/173/365 783/23/368
f 784/31/369 786/31/370 785/148/371
f 787/31/372 789/31/373 788/139/374
f 790/139/375 792/146/376 791/31/377
f 793/140/378 795/23/379 794/171/380
f 795/23/379 793/140/378 796/23/381
f 797/130/382 799/129/382 798/130/382
f 799/129/382 797/130/382 800/129/382
f 801/175/1 803/176/1 802/177/1
f 803/176/1 801/175/1 804/178/1
f 805/179/1 804/178/1 801/175/1
f 807/180/1 806/181/1 805/179/1
f 804/178/1 805/179/1 806/181/1
f 808/182/1 807/180/1 809/183/1
f 808/182/1 806/181/1 807/180/1
f 810/184/1 809/183/1 811/185/1
f 809/183/1 810/184/1 808/182/1
f 812/186/1 810/184/1 811/185/1
f 815/187/1 812/186/1 813/188/1
f 810/184/1 812/186/1 814/189/1
f 812/186/1 815/187/1 814/189/1
f 813/188/1 816/190/1 815/187/1
f 816/190/1 813/188/1 817/191/1
f 816/190/1 817/191/1 802/177/1
f 802/177/1 803/176/1 816/190/1
f 818/192/383 820/193/383 819/192/383
f 820/193/383 818/192/383 821/193/383
f 822/194/384 824/195/385 823/196/385
f 824/195/385 822/194/384 825/197/384
f 826/192/386 828/193/387 827/192/387
f 828/193/387 826/192/386 829/193/386
f 830/192/388 829/193/386 826/192/386
f 829/193/386 830/192/388 831/193/388
f 832/198/389 834/199/389 833/192/390
f 833/192/390 834/199/389 835/193/390
f 836/194/391 838/194/392 837/197/391
f 838/194/392 839/197/392 837/197/391
f 840/192/393 842/200/394 841/192/395
f 843/200/396 845/192/397 844/201/398
f 846/193/399 848/202/400 847/203/401
f 846/193/399 849/193/402 848/202/400
f 850/192/403 852/204/403 851/192/403
f 852/204/403 850/192/403 853/205/403
f 854/193/404 856/193/404 855/206/404
f 857/206/404 859/207/404 858/193/404
f 860/194/405 862/208/406 861/209/407
f 860/194/405 863/196/408 862/208/406
f 864/197/409 866/182/410 865/195/411
f 866/182/410 864/197/409 867/181/412
f 869/65/413 871/37/413 868/37/414
f 868/37/414 870/36/414 869/65/413
f 874/36/415 872/36/416 871/37/417
f 872/36/416 873/37/416 871/37/417
f 875/192/418 877/192/419 876/204/419
f 878/204/419 880/201/420 879/192/421
f 881/193/422 883/206/423 882/193/423
f 884/206/423 886/193/424 885/203/425
f 887/198/426 888/200/427 890/210/428
f 887/198/426 889/192/429 888/200/427
f 891/199/430 893/202/431 892/193/432
f 893/202/431 891/199/430 894/211/433
f 895/36/434 897/53/435 896/36/436
f 897/53/435 895/36/434 898/35/437
f 899/194/438 901/209/439 900/212/438
f 901/209/439 899/194/438 902/194/440
f 903/197/441 905/181/442 904/197/443
f 905/181/442 903/197/441 906/178/441
f 907/39/444 909/37/445 908/39/446
f 909/37/445 907/39/444 910/37/447
f 911/39/448 908/39/446 909/37/445
f 909/37/445 912/37/449 911/39/448
f 913/60/450 915/61/451 914/60/452
f 915/61/451 913/60/450 916/61/453
f 917/62/454 918/59/455 920/59/456
f 917/62/454 919/62/457 918/59/455
f 921/53/458 923/65/459 922/36/460
f 923/65/459 921/53/458 924/35/461
f 925/194/2 926/195/462 928/197/2
f 925/194/2 927/196/462 926/195/462
f 929/192/463 931/193/463 930/192/463
f 931/193/463 929/192/463 932/193/463
f 933/194/464 935/208/465 934/196/466
f 935/208/465 933/194/464 936/213/467
f 937/197/468 938/182/469 940/184/470
f 937/197/468 939/195/471 938/182/469
f 941/192/472 943/214/472 942/205/472
f 944/214/472 946/192/472 945/192/472
f 947/193/473 949/215/473 948/193/473
f 950/215/473 952/193/473 951/207/473
f 953/216/474 954/217/474 956/217/475
f 953/216/474 955/216/476 954/217/474
f 957/216/475 953/216/474 956/217/475
f 955/216/476 958/217/476 954/217/474
f 955/216/476 959/217/477 958/217/476
f 960/216/477 959/217/477 955/216/476
f 960/216/477 961/217/477 959/217/477
f 962/216/477 961/217/477 960/216/477
f 962/216/477 963/217/478 961/217/477
f 964/216/479 963/217/478 962/216/477
f 964/216/479 965/217/480 963/217/478
f 966/216/481 965/217/480 964/216/479
f 966/216/481 967/218/482 965/217/480
f 968/219/482 967/218/482 966/216/481
f 969/220/483 967/218/482 968/219/482
f 967/218/482 969/220/483 970/221/483
f 971/222/41 972/201/41 975/223/41
f 971/222/41 973/200/41 972/201/41
f 974/224/41 973/200/41 971/222/41
f 975/223/41 972/201/41 976/225/41
f 977/204/41 976/225/41 972/201/41
f 976/225/41 977/204/41 978/205/41
f 976/225/41 978/205/41 979/214/41
f 973/200/41 974/224/41 980/210/41
f 981/226/1 983/202/1 982/227/1
f 983/202/1 981/226/1 984/203/1
f 985/228/1 984/203/1 981/226/1
f 984/203/1 985/228/1 986/229/1
f 986/229/1 987/206/1 984/203/1
f 987/206/1 986/229/1 988/207/1
f 989/215/1 988/207/1 986/229/1
f 982/227/1 983/202/1 990/211/1
f 991/192/484 992/210/485 994/224/486
f 991/192/484 993/198/487 992/210/485
f 995/211/488 997/193/489 996/227/490
f 997/193/489 995/211/488 998/199/491
f 999/230/41 1001/231/41 1000/232/41
f 1001/231/41 999/230/41 1002/233/41
f 1002/233/41 999/230/41 1003/234/41
f 1004/235/41 1003/234/41 999/230/41
f 1005/236/41 1003/234/41 1004/235/41
f 1004/235/41 1006/212/41 1005/236/41
f 1006/212/41 1007/237/41 1005/236/41
f 1008/209/41 1007/237/41 1006/212/41
f 1007/237/41 1008/209/41 1010/238/41
f 1009/208/41 1010/238/41 1008/209/41
f 1010/238/41 1009/208/41 1011/239/41
f 1012/213/41 1011/239/41 1009/208/41
f 1011/239/41 1012/213/41 1013/240/41
f 1012/213/41 1014/241/41 1013/240/41
f 1014/241/41 1012/213/41 1015/242/41
f 1000/232/41 1014/241/41 1015/242/41
f 1014/241/41 1000/232/41 1001/231/41
f 1016/233/492 1018/243/493 1017/231/494
f 1018/243/493 1016/233/492 1019/244/495
f 1016/233/492 1020/245/496 1019/244/495
f 1020/245/496 1016/233/492 1021/234/497
f 1021/234/497 1023/236/498 1022/246/499
f 1021/234/497 1022/246/499 1020/245/496
f 1024/237/500 1022/246/499 1023/236/498
f 1022/246/499 1024/237/500 1025/247/501
f 1026/238/502 1025/247/501 1024/237/500
f 1025/247/501 1026/238/502 1028/248/503
f 1027/249/504 1028/248/503 1026/238/502
f 1026/238/502 1029/239/505 1027/249/504
f 1030/240/506 1027/249/504 1029/239/505
f 1030/240/506 1031/250/507 1032/251/508
f 1030/240/506 1033/241/509 1031/250/507
f 1027/249/504 1030/240/506 1032/251/508
f 1017/231/494 1031/250/507 1033/241/509
f 1031/250/507 1017/231/494 1018/243/493
f 1034/185/510 1035/252/511 1037/253/512
f 1034/185/510 1036/183/513 1035/252/511
f 1038/254/514 1034/185/510 1037/253/512
f 1034/185/510 1038/254/514 1039/186/515
f 1040/188/516 1039/186/515 1038/254/514
f 1040/188/516 1038/254/514 1041/255/517
f 1041/255/517 1042/191/518 1040/188/516
f 1041/255/517 1043/256/519 1042/191/518
f 1044/257/520 1042/191/518 1043/256/519
f 1042/191/518 1044/257/520 1045/177/521
f 1046/258/522 1045/177/521 1044/257/520
f 1045/177/521 1046/258/522 1047/175/523
f 1048/179/524 1047/175/523 1046/258/522
f 1049/180/525 1048/179/524 1050/259/526
f 1048/179/524 1046/258/522 1050/259/526
f 1050/259/526 1051/260/527 1049/180/525
f 1035/252/511 1049/180/525 1051/260/527
f 1049/180/525 1035/252/511 1036/183/513
f 1052/212/528 1054/194/529 1053/194/528
f 1055/194/530 1057/212/528 1056/235/531
f 1058/178/532 1060/197/533 1059/176/534
f 1061/197/535 1063/178/532 1062/197/532
f 1064/194/536 1066/232/537 1065/194/537
f 1067/232/538 1069/194/539 1068/230/540
f 1070/187/541 1072/190/542 1071/197/543
f 1073/187/544 1075/197/545 1074/197/544
f 1076/197/546 1077/194/546 1079/194/546
f 1076/197/546 1078/197/65 1077/194/546
f 1079/194/546 1080/197/546 1076/197/546
f 1079/194/546 1081/194/65 1080/197/546
f 1081/194/65 1082/197/65 1080/197/546
f 1083/194/65 1077/194/546 1078/197/65
f 1085/194/547 1087/194/548 1084/242/549
f 1084/242/549 1086/213/547 1085/194/547
f 1088/197/550 1090/189/551 1089/197/552
f 1090/189/551 1088/197/550 1091/184/553
f 1092/235/554 1094/230/555 1093/194/556
f 1095/194/557 1097/194/558 1096/235/559
f 1098/176/560 1100/197/561 1099/190/562
f 1101/197/563 1103/176/564 1102/197/565
f 1104/242/566 1106/194/567 1105/232/567
f 1106/194/567 1104/242/566 1107/194/566
f 1108/197/568 1109/189/569 1111/187/568
f 1108/197/568 1110/197/569 1109/189/569
f 1112/216/570 1114/221/571 1113/220/571
f 1114/221/571 1112/216/570 1115/217/570
f 1116/194/572 1118/194/572 1117/197/572
f 1118/194/572 1119/197/572 1117/197/572
f 1120/192/573 1122/224/574 1121/222/575
f 1122/224/574 1120/192/573 1123/192/576
f 1124/193/577 1126/227/578 1125/193/579
f 1126/227/578 1124/193/577 1127/226/580
f 1128/192/581 1130/192/582 1129/223/583
f 1131/223/584 1133/225/585 1132/192/586
f 1134/193/587 1136/228/588 1135/193/589
f 1136/228/588 1134/193/587 1137/229/590
f 1138/192/591 1140/223/592 1139/192/593
f 1140/223/592 1138/192/591 1141/222/594
f 1142/193/595 1143/228/596 1145/226/597
f 1142/193/595 1144/193/598 1143/228/596
f 1146/192/599 1148/214/600 1147/192/600
f 1148/214/600 1146/192/599 1149/225/601
f 1150/193/602 1152/193/603 1151/215/603
f 1153/215/603 1155/229/604 1154/193/605
f 1156/194/606 1158/194/606 1157/197/606
f 1158/194/606 1159/197/606 1157/197/606
f 1160/192/607 1162/193/608 1161/192/608
f 1162/193/608 1160/192/607 1163/193/607
f 1164/192/609 1163/193/607 1160/192/607
f 1163/193/607 1164/192/609 1165/193/609
f 1166/193/610 1161/192/608 1162/193/608
f 1168/193/611 1167/192/610 1166/193/610
f 1161/192/608 1166/193/610 1167/192/610
f 1167/192/610 1168/193/611 1169/192/611
f 1168/193/611 1170/198/612 1169/192/611
f 1170/198/612 1168/193/611 1171/199/612
s 0
f 1172/111/186 1173/112/186 1175/31/186 1174/14/186
f 1174/14/41 1175/31/41 1179/47/41 1178/13/41
f 1178/13/208 1179/47/208 1177/48/208 1176/18/208
f 1176/18/1 1177/48/1 1173/23/1 1172/15/1
f 1174/99/2 1178/13/2 1176/18/2 1172/100/2
f 1179/47/65 1175/59/65 1173/61/65 1177/48/65
s 1
f 1180/261/65 1182/261/65 1181/261/65
f 1182/261/65 1180/261/65 1183/261/65
f 1180/261/65 1184/261/65 1183/261/65
f 1180/261/65 1185/261/65 1184/261/65
f 1186/261/65 1184/261/65 1185/261/65
f 1184/261/65 1186/261/65 1187/261/65
f 1186/261/65 1188/261/65 1187/261/65
f 1188/261/65 1186/261/65 1189/261/65
f 1190/261/65 1188/261/65 1189/261/65
f 1191/261/65 1193/261/65 1190/261/65
f 1191/261/65 1190/261/65 1192/261/65
f 1188/261/65 1190/261/65 1193/261/65
f 1194/261/65 1191/261/65 1192/261/65
f 1182/261/65 1195/261/65 1194/261/65
f 1182/261/65 1194/261/65 1181/261/65
f 1191/261/65 1194/261/65 1195/261/65
f 1197/153/613 1199/152/614 1196/156/615
f 1196/156/615 1198/163/613 1197/153/613
f 1200/261/1 1201/261/1 1203/261/1
f 1200/261/1 1202/261/1 1201/261/1
f 1201/261/1 1204/261/1 1203/261/1
f 1201/261/1 1202/261/1 1205/261/1
f 1202/261/1 1206/261/1 1205/261/1
f 1205/261/1 1206/261/1 1207/261/1
f 1206/261/1 1208/261/1 1207/261/1
f 1209/261/1 1207/261/1 1208/261/1
f 1208/261/1 1210/261/1 1209/261/1
f 1210/261/1 1208/261/1 1211/261/1
f 1211/261/1 1212/261/1 1210/261/1
f 1210/261/1 1212/261/1 1213/261/1
f 1212/261/1 1214/261/1 1213/261/1
f 1212/261/1 1215/261/1 1214/261/1
f 1216/261/1 1214/261/1 1215/261/1
f 1214/261/1 1216/261/1 1217/261/1
f 1218/261/1 1217/261/1 1216/261/1
f 1216/261/1 1219/261/1 1218/261/1
f 1220/261/1 1218/261/1 1219/261/1
f 1220/261/1 1219/261/1 1221/261/1
f 1221/261/1 1222/261/1 1220/261/1
f 1221/261/1 1223/261/1 1222/261/1
f 1224/261/1 1222/261/1 1223/261/1
f 1224/261/1 1225/261/1 1222/261/1
f 1226/261/616 1228/261/617 1227/261/618
f 1228/261/617 1226/261/616 1229/261/619
f 1226/261/616 1230/261/620 1229/261/619
f 1230/261/620 1226/261/616 1231/261/621
f 1232/261/622 1230/261/620 1231/261/621
f 1230/261/620 1232/261/622 1233/261/623
f 1232/261/622 1234/261/624 1233/261/623
f 1234/261/624 1232/261/622 1235/261/625
f 1236/261/626 1234/261/624 1235/261/625
f 1236/261/626 1237/261/627 1239/261/628
f 1237/261/627 1236/261/626 1238/261/629
f 1234/261/624 1236/261/626 1239/261/628
f 1234/261/624 1239/261/628 1240/261/2
f 1239/261/628 1237/261/627 1240/261/2
f 1241/261/630 1228/261/617 1240/261/2
f 1228/261/617 1229/261/619 1240/261/2
f 1229/261/619 1230/261/620 1240/261/2
f 1237/261/627 1241/261/630 1240/261/2
f 1230/261/620 1233/261/623 1240/261/2
f 1233/261/623 1234/261/624 1240/261/2
f 1241/261/630 1242/261/631 1228/261/617
f 1237/261/627 1242/261/631 1241/261/630
f 1227/261/618 1228/261/617 1242/261/631
f 1242/261/631 1237/261/627 1238/261/629
f 1243/261/2 1245/261/2 1244/261/2
f 1245/261/2 1243/261/2 1246/261/2
f 1243/261/2 1247/261/2 1246/261/2
f 1243/261/2 1248/261/2 1247/261/2
f 1249/261/2 1247/261/2 1248/261/2
f 1248/261/2 1250/261/2 1249/261/2
f 1250/261/2 1251/261/2 1249/261/2
f 1251/261/2 1250/261/2 1252/261/2
f 1253/261/2 1251/261/2 1252/261/2
f 1253/261/2 1254/261/2 1256/261/2
f 1253/261/2 1255/261/2 1254/261/2
f 1251/261/2 1253/261/2 1256/261/2
f 1257/261/2 1254/261/2 1255/261/2
f 1244/261/2 1258/261/2 1257/261/2
f 1254/261/2 1257/261/2 1258/261/2
f 1258/261/2 1244/261/2 1245/261/2
f 1259/261/632 1261/261/632 1260/261/633
f 1262/261/634 1261/261/632 1259/261/632
f 1261/261/632 1262/261/634 1263/261/634
f 1262/261/634 1264/261/635 1263/261/634
f 1264/261/635 1262/261/634 1265/261/635
f 1266/261/636 1264/261/635 1265/261/635
f 1264/261/635 1266/261/636 1267/261/636
f 1266/261/636 1268/261/637 1267/261/636
f 1268/261/637 1266/261/636 1269/261/637
f 1270/261/638 1268/261/637 1269/261/637
f 1270/261/638 1271/261/639 1273/261/638
f 1271/261/639 1270/261/638 1272/261/639
f 1268/261/637 1270/261/638 1273/261/638
f 1260/261/633 1271/261/639 1272/261/639
f 1271/261/639 1260/261/633 1274/261/633
f 1261/261/632 1274/261/633 1260/261/633
f 1275/261/2 1277/261/2 1276/261/2
f 1277/261/2 1275/261/2 1278/261/2
f 1275/261/2 1279/261/2 1278/261/2
f 1279/261/2 1275/261/2 1280/261/2
f 1281/261/2 1279/261/2 1280/261/2
f 1279/261/2 1281/261/2 1282/261/2
f 1283/261/2 1282/261/2 1281/261/2
f 1283/261/2 1281/261/2 1284/261/2
f 1285/261/2 1283/261/2 1284/261/2
f 1286/261/2 1288/261/2 1285/261/2
f 1285/261/2 1287/261/2 1286/261/2
f 1283/261/2 1285/261/2 1288/261/2
f 1289/261/2 1286/261/2 1287/261/2
f 1289/261/2 1277/261/2 1290/261/2
f 1277/261/2 1289/261/2 1276/261/2
f 1286/261/2 1289/261/2 1290/261/2
f 1291/261/640 1293/261/641 1292/261/641
f 1293/261/641 1291/261/640 1294/261/640
f 1295/261/642 1294/261/640 1291/261/640
f 1294/261/640 1295/261/642 1296/261/642
f 1297/261/643 1296/261/642 1295/261/642
f 1296/261/642 1297/261/643 1298/261/644
f 1299/261/645 1298/261/644 1297/261/643
f 1298/261/644 1299/261/645 1300/261/645
f 1301/261/2 1300/261/645 1299/261/645
f 1300/261/645 1301/261/2 1302/261/2
f 1301/261/2 1303/261/646 1302/261/2
f 1301/261/2 1304/261/646 1303/261/646
f 1304/261/646 1305/261/647 1303/261/646
f 1304/261/646 1306/261/648 1305/261/647
f 1306/261/648 1307/261/649 1305/261/647
f 1306/261/648 1308/261/649 1307/261/649
f 1308/261/649 1309/261/650 1307/261/649
f 1308/261/649 1310/261/650 1309/261/650
f 1310/261/650 1311/261/651 1309/261/650
f 1310/261/650 1312/261/651 1311/261/651
f 1313/261/652 1311/261/651 1312/261/651
f 1311/261/651 1313/261/652 1314/261/652
f 1315/261/653 1292/261/641 1293/261/641
f 1315/261/653 1293/261/641 1316/261/653
f 1317/261/654 1319/261/655 1318/261/655
f 1319/261/655 1317/261/654 1320/261/654
f 1317/261/654 1321/261/656 1320/261/654
f 1321/261/656 1317/261/654 1322/261/656
f 1323/261/657 1321/261/656 1322/261/656
f 1321/261/656 1323/261/657 1324/261/657
f 1323/261/657 1325/261/658 1324/261/657
f 1325/261/658 1323/261/657 1326/261/658
f 1327/261/659 1325/261/658 1326/261/658
f 1327/261/659 1328/261/660 1330/261/659
f 1328/261/660 1327/261/659 1329/261/660
f 1325/261/658 1327/261/659 1330/261/659
f 1331/261/661 1328/261/660 1329/261/660
f 1318/261/655 1319/261/655 1331/261/661
f 1319/261/655 1332/261/661 1331/261/661
f 1328/261/660 1331/261/661 1332/261/661
f 1333/261/2 1335/261/2 1334/261/2
f 1335/261/2 1333/261/2 1336/261/2
f 1333/261/2 1337/261/2 1336/261/2
f 1337/261/2 1333/261/2 1338/261/2
f 1339/261/2 1337/261/2 1338/261/2
f 1337/261/2 1339/261/2 1340/261/2
f 1339/261/2 1341/261/2 1340/261/2
f 1341/261/2 1339/261/2 1342/261/2
f 1343/261/2 1341/261/2 1342/261/2
f 1344/261/2 1346/261/2 1343/261/2
f 1343/261/2 1345/261/2 1344/261/2
f 1341/261/2 1343/261/2 1346/261/2
f 1347/261/2 1344/261/2 1345/261/2
f 1347/261/2 1335/261/2 1348/261/2
f 1347/261/2 1334/261/2 1335/261/2
f 1344/261/2 1347/261/2 1348/261/2
f 1349/261/662 1351/261/662 1350/261/663
f 1352/261/664 1351/261/662 1349/261/662
f 1351/261/662 1352/261/664 1353/261/664
f 1352/261/664 1354/261/665 1353/261/664
f 1354/261/665 1352/261/664 1355/261/665
f 1356/261/666 1354/261/665 1355/261/665
f 1354/261/665 1356/261/666 1357/261/666
f 1356/261/666 1358/261/667 1357/261/666
f 1358/261/667 1356/261/666 1359/261/667
f 1360/261/668 1358/261/667 1359/261/667
f 1360/261/668 1361/261/669 1363/261/668
f 1361/261/669 1360/261/668 1362/261/669
f 1358/261/667 1360/261/668 1363/261/668
f 1350/261/663 1361/261/669 1362/261/669
f 1361/261/669 1350/261/663 1364/261/663
f 1351/261/662 1364/261/663 1350/261/663
f 1365/261/2 1367/261/2 1366/261/2
f 1367/261/2 1365/261/2 1368/261/2
f 1369/261/2 1368/261/2 1365/261/2
f 1368/261/2 1369/261/2 1370/261/2
f 1371/261/2 1370/261/2 1369/261/2
f 1369/261/2 1372/261/2 1371/261/2
f 1372/261/2 1373/261/2 1371/261/2
f 1373/261/2 1372/261/2 1374/261/2
f 1375/261/2 1373/261/2 1374/261/2
f 1376/261/2 1377/261/2 1375/261/2
f 1373/261/2 1375/261/2 1377/261/2
f 1377/261/2 1376/261/2 1378/261/2
f 1376/261/2 1379/261/2 1378/261/2
f 1379/261/2 1376/261/2 1380/261/2
f 1380/261/2 1367/261/2 1379/261/2
f 1380/261/2 1366/261/2 1367/261/2
f 1385/261/670 1381/261/671 1382/261/672
f 1381/261/671 1383/261/673 1382/261/672
f 1383/261/673 1381/261/671 1384/261/674
f 1381/261/671 1385/261/670 1386/261/675
f 1387/261/676 1386/261/675 1385/261/670
f 1386/261/675 1387/261/676 1388/261/677
f 1389/261/678 1388/261/677 1387/261/676
f 1388/261/677 1389/261/678 1390/261/679
f 1391/261/680 1390/261/679 1389/261/678
f 1389/261/678 1392/261/681 1391/261/680
f 1393/261/682 1391/261/680 1392/261/681
f 1391/261/680 1393/261/682 1394/261/683
f 1393/261/682 1395/261/684 1394/261/683
f 1395/261/684 1393/261/682 1396/261/685
f 1397/261/686 1395/261/684 1396/261/685
f 1398/261/687 1395/261/684 1397/261/686
f 1397/261/686 1399/261/688 1398/261/687
f 1399/261/688 1397/261/686 1400/261/689
f 1400/261/689 1401/261/690 1399/261/688
f 1401/261/690 1400/261/689 1402/261/691
f 1402/261/691 1403/261/692 1401/261/690
f 1403/261/692 1402/261/691 1404/261/693
f 1404/261/693 1405/261/694 1403/261/692
f 1403/261/692 1405/261/694 1406/261/695
f 1407/261/696 1409/261/697 1408/261/698
f 1409/261/697 1407/261/696 1410/261/699
f 1411/261/700 1408/261/698 1409/261/697
f 1411/261/700 1409/261/697 1412/261/701
f 1413/261/702 1411/261/700 1412/261/701
f 1413/261/702 1412/261/701 1414/261/703
f 1415/261/704 1413/261/702 1414/261/703
f 1415/261/704 1414/261/703 1416/261/705
f 1417/261/706 1415/261/704 1416/261/705
f 1415/261/704 1417/261/706 1418/261/707
f 1419/261/708 1418/261/707 1417/261/706
f 1417/261/706 1420/261/709 1419/261/708
f 1421/261/710 1419/261/708 1420/261/709
f 1422/261/711 1419/261/708 1421/261/710
f 1421/261/710 1423/261/712 1422/261/711
f 1423/261/712 1421/261/710 1424/261/713
f 1424/261/713 1425/261/714 1423/261/712
f 1426/261/715 1423/261/712 1425/261/714
f 1425/261/714 1427/261/716 1426/261/715
f 1428/261/717 1426/261/715 1427/261/716
f 1429/261/718 1428/261/717 1427/261/716
f 1430/261/719 1428/261/717 1429/261/718
f 1429/261/718 1431/261/720 1430/261/719
f 1431/261/720 1429/261/718 1432/261/721
f 1433/261/41 1435/261/41 1434/261/41
f 1435/261/41 1433/261/41 1436/261/41
f 1435/261/41 1437/261/41 1434/261/41
f 1437/261/41 1435/261/41 1438/261/41
f 1438/261/41 1439/261/41 1437/261/41
f 1439/261/41 1438/261/41 1440/261/41
f 1440/261/41 1441/261/41 1439/261/41
f 1441/261/41 1440/261/41 1442/261/41
f 1442/261/41 1443/261/41 1441/261/41
f 1444/261/41 1441/261/41 1443/261/41
f 1443/261/41 1445/261/41 1444/261/41
f 1445/261/41 1443/261/41 1446/261/41
f 1447/261/41 1445/261/41 1446/261/41
f 1445/261/41 1447/261/41 1448/261/41
f 1447/261/41 1449/261/41 1448/261/41
f 1449/261/41 1447/261/41 1450/261/41
f 1451/261/41 1449/261/41 1450/261/41
f 1449/261/41 1451/261/41 1452/261/41
f 1453/261/41 1452/261/41 1451/261/41
f 1452/261/41 1453/261/41 1454/261/41
f 1455/261/41 1454/261/41 1453/261/41
f 1454/261/41 1455/261/41 1456/261/41
f 1455/261/41 1457/261/41 1456/261/41
f 1457/261/41 1455/261/41 1458/261/41
f 1460/261/1 1463/261/722 1459/261/1
f 1459/261/1 1461/261/723 1460/261/1
f 1461/261/723 1459/261/1 1462/261/723
f 1463/261/722 1460/261/1 1464/261/722
f 1464/261/722 1465/261/186 1463/261/722
f 1465/261/186 1464/261/722 1466/261/186
f 1466/261/186 1467/261/724 1465/261/186
f 1467/261/724 1466/261/186 1468/261/724
f 1468/261/724 1469/261/41 1467/261/724
f 1469/261/41 1468/261/724 1470/261/41
f 1470/261/41 1471/261/725 1469/261/41
f 1471/261/725 1473/261/725 1472/261/208
f 1471/261/725 1470/261/41 1473/261/725
f 1474/261/208 1472/261/208 1473/261/725
f 1461/261/723 1462/261/723 1474/261/208
f 1472/261/208 1474/261/208 1462/261/723
f 1476/261/41 1479/261/725 1475/261/41
f 1475/261/41 1477/261/724 1476/261/41
f 1477/261/724 1475/261/41 1478/261/724
f 1479/261/725 1476/261/41 1480/261/725
f 1481/261/208 1479/261/725 1480/261/725
f 1480/261/725 1482/261/208 1481/261/208
f 1483/261/723 1481/261/208 1482/261/208
f 1482/261/208 1484/261/723 1483/261/723
f 1484/261/723 1485/261/1 1483/261/723
f 1485/261/1 1484/261/723 1486/261/1
f 1486/261/1 1487/261/722 1485/261/1
f 1487/261/722 1486/261/1 1488/261/722
f 1488/261/722 1489/261/186 1487/261/722
f 1489/261/186 1488/261/722 1490/261/186
f 1490/261/186 1478/261/724 1489/261/186
f 1478/261/724 1490/261/186 1477/261/724
f 1492/261/724 1495/261/41 1491/261/724
f 1491/261/724 1493/261/186 1492/261/724
f 1493/261/186 1491/261/724 1494/261/186
f 1495/261/41 1492/261/724 1496/261/41
f 1496/261/41 1497/261/725 1495/261/41
f 1497/261/725 1496/261/41 1498/261/725
f 1499/261/208 1497/261/725 1498/261/725
f 1498/261/725 1500/261/208 1499/261/208
f 1501/261/723 1499/261/208 1500/261/208
f 1500/261/208 1502/261/723 1501/261/723
f 1502/261/723 1503/261/1 1501/261/723
f 1503/261/1 1502/261/723 1504/261/1
f 1504/261/1 1505/261/722 1503/261/1
f 1505/261/722 1504/261/1 1506/261/722
f 1506/261/722 1494/261/186 1505/261/722
f 1494/261/186 1506/261/722 1493/261/186
f 1511/261/208 1507/261/725 1508/261/725
f 1507/261/725 1509/261/41 1508/261/725
f 1509/261/41 1507/261/725 1510/261/41
f 1508/261/725 1512/261/208 1511/261/208
f 1513/261/723 1511/261/208 1512/261/208
f 1512/261/208 1514/261/723 1513/261/723
f 1514/261/723 1515/261/1 1513/261/723
f 1515/261/1 1514/261/723 1516/261/1
f 1516/261/1 1517/261/722 1515/261/1
f 1517/261/722 1516/261/1 1518/261/722
f 1518/261/722 1519/261/186 1517/261/722
f 1519/261/186 1518/261/722 1520/261/186
f 1520/261/186 1521/261/724 1519/261/186
f 1521/261/724 1520/261/186 1522/261/724
f 1522/261/724 1510/261/41 1521/261/724
f 1510/261/41 1522/261/724 1509/261/41
f 1523/261/726 1525/261/727 1524/261/728
f 1525/261/727 1523/261/726 1526/261/726
f 1527/261/729 1524/261/728 1525/261/727
f 1527/261/729 1525/261/727 1528/261/730
f 1528/261/730 1529/261/731 1527/261/729
f 1528/261/730 1530/261/732 1529/261/731
f 1531/261/733 1529/261/731 1530/261/732
f 1530/261/732 1532/261/734 1531/261/733
f 1533/261/735 1531/261/733 1532/261/734
f 1531/261/733 1533/261/735 1534/261/736
f 1535/261/737 1534/261/736 1533/261/735
f 1535/261/737 1533/261/735 1536/261/738
f 1537/261/739 1535/261/737 1536/261/738
f 1538/261/740 1535/261/737 1537/261/739
f 1537/261/739 1539/261/741 1538/261/740
f 1539/261/741 1537/261/739 1540/261/742
f 1541/261/743 1539/261/741 1540/261/742
f 1542/261/744 1539/261/741 1541/261/743
f 1543/261/745 1542/261/744 1541/261/743
f 1544/261/746 1542/261/744 1543/261/745
f 1545/261/747 1544/261/746 1543/261/745
f 1544/261/746 1545/261/747 1546/261/748
f 1545/261/747 1547/261/749 1546/261/748
f 1547/261/749 1545/261/747 1548/261/750
f 1553/261/751 1549/261/752 1550/261/753
f 1549/261/752 1551/261/754 1550/261/753
f 1551/261/754 1549/261/752 1552/261/755
f 1549/261/752 1553/261/751 1554/261/756
f 1555/261/757 1554/261/756 1553/261/751
f 1554/261/756 1555/261/757 1556/261/758
f 1557/261/759 1556/261/758 1555/261/757
f 1556/261/758 1557/261/759 1558/261/760
f 1559/261/761 1558/261/760 1557/261/759
f 1559/261/761 1557/261/759 1560/261/762
f 1561/261/763 1559/261/761 1560/261/762
f 1559/261/761 1561/261/763 1562/261/764
f 1561/261/763 1563/261/765 1562/261/764
f 1563/261/765 1561/261/763 1564/261/766
f 1564/261/766 1565/261/767 1563/261/765
f 1566/261/768 1563/261/765 1565/261/767
f 1565/261/767 1567/261/769 1566/261/768
f 1567/261/769 1565/261/767 1568/261/770
f 1568/261/770 1569/261/771 1567/261/769
f 1569/261/771 1568/261/770 1570/261/772
f 1570/261/772 1571/261/773 1569/261/771
f 1571/261/773 1570/261/772 1572/261/774
f 1572/261/774 1573/261/775 1571/261/773
f 1574/261/776 1571/261/773 1573/261/775
f 1575/261/186 1577/261/186 1576/261/186
f 1577/261/186 1575/261/186 1578/261/186
f 1577/261/186 1579/261/186 1576/261/186
f 1580/261/186 1579/261/186 1577/261/186
f 1579/261/186 1580/261/186 1581/261/186
f 1579/261/186 1581/261/186 1582/261/186
f 1583/261/208 1585/261/208 1584/261/208
f 1586/261/208 1584/261/208 1585/261/208
f 1584/261/208 1586/261/208 1587/261/208
f 1587/261/208 1586/261/208 1588/261/208
f 1588/261/208 1589/261/208 1587/261/208
f 1589/261/208 1588/261/208 1590/261/208
f 1594/261/777 1591/261/778 1592/261/778
f 1591/261/778 1593/261/779 1592/261/778
f 1591/261/778 1595/261/779 1593/261/779
f 1591/261/778 1594/261/777 1596/261/777
f 1596/261/777 1594/261/777 1597/261/780
f 1594/261/777 1598/261/780 1597/261/780
f 1599/261/781 1597/261/780 1598/261/780
f 1597/261/780 1599/261/781 1600/261/781
f 1601/261/782 1600/261/781 1599/261/781
f 1601/261/782 1603/261/783 1602/261/783
f 1603/261/783 1601/261/782 1604/261/782
f 1601/261/782 1599/261/781 1604/261/782
f 1605/261/784 1602/261/783 1603/261/783
f 1605/261/784 1603/261/783 1606/261/784
f 1593/261/779 1605/261/784 1606/261/784
f 1605/261/784 1593/261/779 1595/261/779
f 1610/261/785 1607/261/786 1608/261/786
f 1607/261/786 1609/261/787 1608/261/786
f 1609/261/787 1607/261/786 1611/261/787
f 1607/261/786 1610/261/785 1612/261/785
f 1613/261/788 1612/261/785 1610/261/785
f 1613/261/788 1610/261/785 1614/261/788
f 1615/261/789 1613/261/788 1614/261/788
f 1613/261/788 1615/261/789 1616/261/789
f 1617/261/790 1616/261/789 1615/261/789
f 1617/261/790 1619/261/791 1618/261/791
f 1619/261/791 1617/261/790 1620/261/790
f 1617/261/790 1615/261/789 1620/261/790
f 1619/261/791 1621/261/792 1618/261/791
f 1619/261/791 1622/261/792 1621/261/792
f 1609/261/787 1621/261/792 1622/261/792
f 1621/261/792 1609/261/787 1611/261/787
f 1623/261/793 1624/261/793 1626/261/794
f 1623/261/793 1625/261/795 1624/261/793
f 1626/261/794 1627/261/794 1623/261/793
f 1626/261/794 1628/261/796 1627/261/794
f 1626/261/794 1629/261/796 1628/261/796
f 1630/261/795 1624/261/793 1625/261/795
f 1625/261/795 1631/261/797 1630/261/795
f 1632/261/797 1630/261/795 1631/261/797
f 1632/261/797 1631/261/797 1633/261/798
f 1634/261/798 1632/261/797 1633/261/798
f 1634/261/798 1633/261/798 1635/261/65
f 1636/261/65 1634/261/798 1635/261/65
f 1636/261/65 1635/261/65 1637/261/799
f 1637/261/799 1635/261/65 1638/261/799
f 1637/261/799 1638/261/799 1639/261/800
f 1639/261/800 1638/261/799 1640/261/800
f 1641/261/801 1639/261/800 1640/261/800
f 1641/261/801 1640/261/800 1642/261/801
f 1643/261/802 1641/261/801 1642/261/801
f 1643/261/802 1642/261/801 1644/261/802
f 1643/261/802 1644/261/802 1645/261/803
f 1645/261/803 1644/261/802 1646/261/803
f 1646/261/803 1647/261/804 1645/261/803
f 1648/261/804 1645/261/803 1647/261/804
f 1649/76/2 1651/23/2 1650/23/2
f 1651/23/2 1649/76/2 1652/76/2
f 1649/76/2 1653/78/2 1652/76/2
f 1649/76/2 1654/78/2 1653/78/2
f 1655/79/2 1654/78/2 1656/79/2
f 1654/78/2 1655/79/2 1653/78/2
f 1651/23/2 1657/77/2 1650/23/2
f 1657/77/2 1651/23/2 1658/77/2
f 1660/15/2 1659/15/2 1658/77/2
f 1659/15/2 1657/77/2 1658/77/2
f 1661/80/2 1659/15/2 1660/15/2
f 1661/80/2 1660/15/2 1662/80/2
f 1663/81/2 1661/80/2 1662/80/2
f 1661/80/2 1663/81/2 1664/81/2
f 1665/82/2 1664/81/2 1663/81/2
f 1664/81/2 1665/82/2 1666/82/2
f 1667/82/805 1669/82/806 1668/81/807
f 1669/82/806 1670/81/807 1668/81/807
f 1671/80/808 1668/81/807 1670/81/807
f 1668/81/807 1671/80/808 1672/80/808
f 1671/80/808 1673/15/809 1672/80/808
f 1673/15/809 1671/80/808 1674/15/809
f 1675/77/810 1673/15/809 1674/15/809
f 1673/15/809 1675/77/810 1676/77/810
f 1676/77/810 1675/77/810 1677/23/811
f 1675/77/810 1678/23/811 1677/23/811
f 1679/76/812 1677/23/811 1678/23/811
f 1677/23/811 1679/76/812 1680/76/812
f 1680/76/812 1679/76/812 1681/78/813
f 1679/76/812 1682/78/813 1681/78/813
f 1683/79/814 1681/78/813 1682/78/813
f 1681/78/813 1683/79/814 1684/79/815
f 1685/83/816 1687/86/817 1686/84/818
f 1685/83/816 1686/84/818 1689/85/819
f 1687/86/817 1685/83/816 1688/87/820
f 1686/84/818 1687/86/817 1690/88/821
f 1690/88/821 1687/86/817 1691/89/822
f 1686/84/818 1690/88/821 1692/90/823
f 1693/80/824 1695/81/725 1694/80/208
f 1694/80/208 1697/15/825 1693/80/824
f 1695/81/725 1693/80/824 1696/81/826
f 1697/15/825 1694/80/208 1698/15/723
f 1698/15/723 1699/77/827 1697/15/825
f 1699/77/827 1698/15/723 1700/77/1
f 1700/77/1 1701/23/828 1699/77/827
f 1701/23/828 1700/77/1 1702/23/722
f 1703/76/186 1701/23/828 1702/23/722
f 1701/23/828 1703/76/186 1704/76/829
f 1705/78/724 1704/76/829 1703/76/186
f 1704/76/829 1705/78/724 1706/78/830
f 1705/78/724 1707/79/831 1706/78/830
f 1707/79/831 1705/78/724 1708/79/832
f 1696/81/826 1709/82/833 1695/81/725
f 1709/82/833 1696/81/826 1710/82/834
f 1711/23/835 1713/23/835 1712/77/41
f 1713/23/835 1711/23/835 1714/76/208
f 1715/76/208 1714/76/208 1711/23/835
f 1714/76/208 1715/76/208 1716/78/836
f 1717/78/836 1716/78/836 1715/76/208
f 1716/78/836 1717/78/836 1718/79/837
f 1719/79/837 1718/79/837 1717/78/836
f 1720/77/41 1712/77/41 1713/23/835
f 1712/77/41 1720/77/41 1721/15/838
f 1722/15/838 1721/15/838 1720/77/41
f 1722/15/838 1723/80/186 1721/15/838
f 1723/80/186 1722/15/838 1724/80/186
f 1724/80/186 1725/81/839 1723/80/186
f 1725/81/839 1724/80/186 1726/81/839
f 1725/81/839 1726/81/839 1727/82/840
f 1728/82/840 1727/82/840 1726/81/839
s 0
f 1729/262/841 1730/79/841 1732/263/841 1731/264/841
f 1731/264/842 1732/263/842 1734/265/842 1733/266/842
f 1733/266/843 1734/265/843 1736/267/843 1735/268/843
f 1735/268/844 1736/267/844 1738/78/844 1737/59/844
f 1737/59/845 1738/78/845 1740/269/845 1739/270/845
f 1739/270/846 1740/269/846 1742/271/846 1741/272/846
f 1741/272/847 1742/271/847 1744/273/847 1743/274/847
f 1743/274/848 1744/273/848 1746/76/848 1745/275/848
f 1745/275/849 1746/76/849 1748/276/849 1747/277/849
f 1747/277/850 1748/276/850 1750/278/850 1749/279/850
f 1749/279/851 1750/278/851 1752/280/851 1751/281/851
f 1751/281/852 1752/280/852 1754/23/852 1753/47/852
f 1753/47/853 1754/23/853 1756/282/853 1755/283/853
f 1755/283/854 1756/282/854 1758/284/854 1757/285/854
f 1757/285/855 1758/284/855 1760/286/855 1759/287/855
f 1759/287/856 1760/286/856 1762/77/856 1761/288/856
f 1761/288/857 1762/77/857 1764/289/857 1763/290/857
f 1763/290/858 1764/289/858 1766/291/858 1765/292/858
f 1765/292/859 1766/291/859 1768/293/859 1767/294/859
f 1767/294/860 1768/293/860 1770/15/860 1769/13/860
f 1769/13/861 1770/15/861 1772/295/861 1771/296/861
f 1771/296/862 1772/295/862 1774/297/862 1773/298/862
f 1773/298/863 1774/297/863 1776/299/863 1775/300/863
f 1775/300/864 1776/299/864 1778/80/864 1777/301/864
f 1777/301/865 1778/80/865 1780/302/865 1779/303/865
f 1779/303/866 1780/302/866 1782/304/866 1781/305/866
f 1781/305/867 1782/304/867 1784/306/867 1783/307/867
f 1783/307/868 1784/306/868 1786/81/868 1785/99/868
f 1785/99/869 1786/81/869 1788/308/869 1787/309/869
f 1787/309/870 1788/308/870 1790/310/870 1789/311/870
f 1732/312/65 1730/88/65 1792/313/65 1790/314/65 1788/315/65 1786/316/65 1784/317/65 1782/318/65 1780/319/65 1778/320/65 1776/321/65 1774/322/65 1772/323/65 1770/324/65 1768/325/65 1766/326/65 1764/327/65 1762/328/65 1760/329/65 1758/330/65 1756/331/65 1754/332/65 1752/333/65 1750/334/65 1748/335/65 1746/86/65 1744/336/65 1742/337/65 1740/338/65 1738/339/65 1736/340/65 1734/341/65
f 1789/311/871 1790/310/871 1792/342/871 1791/343/871
f 1791/343/872 1792/342/872 1730/82/872 1729/344/872
f 1729/345/2 1731/346/2 1733/347/2 1735/348/2 1737/349/2 1739/350/2 1741/351/2 1743/352/2 1745/353/2 1747/354/2 1749/355/2 1751/356/2 1753/357/2 1755/358/2 1757/359/2 1759/360/2 1761/361/2 1763/362/2 1765/363/2 1767/364/2 1769/365/2 1771/366/2 1773/367/2 1775/368/2 1777/369/2 1779/370/2 1781/371/2 1783/372/2 1785/373/2 1787/374/2 1789/375/2 1791/376/2
s 1
f 1793/78/836 1795/78/836 1794/76/208
f 1795/78/836 1793/78/836 1796/79/873
f 1797/79/873 1796/79/873 1793/78/836
f 1798/76/208 1794/76/208 1795/78/836
f 1794/76/208 1798/76/208 1799/23/835
f 1800/23/835 1799/23/835 1798/76/208
f 1799/23/835 1800/23/835 1801/77/41
f 1802/77/41 1801/77/41 1800/23/835
f 1801/77/41 1802/77/41 1803/15/838
f 1804/15/838 1803/15/838 1802/77/41
f 1804/15/838 1805/80/186 1803/15/838
f 1805/80/186 1804/15/838 1806/80/186
f 1806/80/186 1807/81/839 1805/80/186
f 1807/81/839 1806/80/186 1808/81/839
f 1807/81/839 1808/81/839 1809/82/874
f 1810/82/874 1809/82/874 1808/81/839
f 1811/23/835 1813/23/835 1812/77/41
f 1813/23/835 1811/23/835 1814/76/208
f 1815/76/208 1814/76/208 1811/23/835
f 1814/76/208 1815/76/208 1816/78/836
f 1817/78/836 1816/78/836 1815/76/208
f 1816/78/836 1817/78/836 1818/79/875
f 1819/79/873 1818/79/875 1817/78/836
f 1820/77/41 1812/77/41 1813/23/835
f 1812/77/41 1820/77/41 1821/15/838
f 1822/15/838 1821/15/838 1820/77/41
f 1822/15/838 1823/80/186 1821/15/838
f 1823/80/186 1822/15/838 1824/80/186
f 1824/80/186 1825/81/839 1823/80/186
f 1825/81/839 1824/80/186 1826/81/839
f 1825/81/839 1826/81/839 1827/82/874
f 1828/82/874 1827/82/874 1826/81/839
f 1829/80/876 1831/81/877 1830/80/876
f 1832/15/878 1829/80/876 1830/80/876
f 1829/80/876 1833/81/879 1831/81/877
f 1829/80/876 1832/15/878 1834/15/880
f 1835/77/881 1834/15/880 1832/15/878
f 1832/15/878 1836/77/881 1835/77/881
f 1837/23/882 1835/77/881 1836/77/881
f 1835/77/881 1837/23/882 1838/23/883
f 1839/76/884 1838/23/883 1837/23/882
f 1837/23/882 1840/76/884 1839/76/884
f 1841/78/885 1839/76/884 1840/76/884
f 1839/76/884 1841/78/885 1842/78/886
f 1843/79/887 1842/78/886 1841/78/885
f 1841/78/885 1844/79/888 1843/79/887
f 1845/82/889 1831/81/877 1833/81/879
f 1831/81/877 1845/82/889 1846/82/890
f 1847/15/891 1849/80/892 1848/15/893
f 1850/77/894 1847/15/891 1848/15/893
f 1849/80/892 1847/15/891 1851/80/892
f 1847/15/891 1850/77/894 1852/77/894
f 1853/23/895 1852/77/894 1850/77/894
f 1850/77/894 1854/23/896 1853/23/895
f 1855/76/897 1853/23/895 1854/23/896
f 1853/23/895 1855/76/897 1856/76/897
f 1857/78/898 1856/76/897 1855/76/897
f 1855/76/897 1858/78/899 1857/78/898
f 1859/79/900 1857/78/898 1858/78/899
f 1857/78/898 1859/79/900 1860/79/901
f 1861/81/902 1849/80/892 1851/80/892
f 1849/80/892 1861/81/902 1862/81/903
f 1863/82/904 1862/81/903 1861/81/902
f 1861/81/902 1864/82/905 1863/82/904
s 0
f 1865/262/906 1866/79/906 1868/263/906 1867/264/906
f 1867/264/907 1868/263/907 1870/265/907 1869/266/907
f 1869/266/908 1870/265/908 1872/267/908 1871/268/908
f 1871/268/909 1872/267/909 1874/78/909 1873/59/909
f 1873/59/910 1874/78/910 1876/269/910 1875/270/910
f 1875/270/911 1876/269/911 1878/271/911 1877/272/911
f 1877/272/912 1878/271/912 1880/273/912 1879/274/912
f 1879/274/913 1880/273/913 1882/76/913 1881/275/913
f 1881/275/914 1882/76/914 1884/276/914 1883/277/914
f 1883/277/915 1884/276/915 1886/278/915 1885/279/915
f 1885/279/916 1886/278/916 1888/280/916 1887/281/916
f 1887/281/917 1888/280/917 1890/23/917 1889/47/917
f 1889/47/918 1890/23/918 1892/282/918 1891/283/918
f 1891/283/919 1892/282/919 1894/284/919 1893/285/919
f 1893/285/920 1894/284/920 1896/286/920 1895/287/920
f 1895/287/921 1896/286/921 1898/77/921 1897/288/921
f 1897/288/922 1898/77/922 1900/289/922 1899/290/922
f 1899/290/923 1900/289/923 1902/291/923 1901/292/923
f 1901/292/924 1902/291/924 1904/293/924 1903/294/924
f 1903/294/925 1904/293/925 1906/15/925 1905/13/925
f 1905/13/926 1906/15/926 1908/295/926 1907/296/926
f 1907/296/927 1908/295/927 1910/297/927 1909/298/927
f 1909/298/928 1910/297/928 1912/299/928 1911/300/928
f 1911/300/929 1912/299/929 1914/80/929 1913/301/929
f 1913/301/930 1914/80/930 1916/302/930 1915/303/930
f 1915/303/931 1916/302/931 1918/304/931 1917/305/931
f 1917/305/932 1918/304/932 1920/306/932 1919/307/932
f 1919/307/933 1920/306/933 1922/81/933 1921/99/933
f 1921/99/934 1922/81/934 1924/308/934 1923/309/934
f 1923/309/935 1924/308/935 1926/310/935 1925/311/935
f 1868/312/65 1866/88/65 1928/313/65 1926/314/65 1924/315/65 1922/316/65 1920/317/65 1918/318/65 1916/319/65 1914/320/65 1912/321/65 1910/322/65 1908/323/65 1906/324/65 1904/325/65 1902/326/65 1900/327/65 1898/328/65 1896/329/65 1894/330/65 1892/331/65 1890/332/65 1888/333/65 1886/334/65 1884/335/65 1882/86/65 1880/336/65 1878/337/65 1876/338/65 1874/339/65 1872/340/65 1870/341/65
f 1925/311/936 1926/310/936 1928/342/936 1927/343/936
f 1927/343/937 1928/342/937 1866/82/937 1865/344/937
f 1865/345/2 1867/346/2 1869/347/2 1871/348/2 1873/349/2 1875/350/2 1877/351/2 1879/352/2 1881/353/2 1883/354/2 1885/355/2 1887/356/2 1889/357/2 1891/358/2 1893/359/2 1895/360/2 1897/361/2 1899/362/2 1901/363/2 1903/364/2 1905/365/2 1907/366/2 1909/367/2 1911/368/2 1913/369/2 1915/370/2 1917/371/2 1919/372/2 1921/373/2 1923/374/2 1925/375/2 1927/376/2
s 1
f 1929/261/1 1931/261/1 1930/261/1
f 1931/261/1 1929/261/1 1932/261/1
f 1933/261/938 1935/261/938 1934/261/938
f 1935/261/938 1933/261/938 1936/261/938
f 1937/261/939 1939/261/940 1938/261/941
f 1939/261/940 1937/261/939 1940/261/942
f 1941/261/943 1942/261/944 1944/261/945
f 1941/261/943 1943/261/946 1942/261/944
f 1945/261/947 1946/261/948 1948/261/949
f 1945/261/947 1947/261/950 1946/261/948
f 1949/261/951 1945/261/947 1948/261/949
f 1949/261/951 1948/261/949 1950/261/951
f 1947/261/950 1951/261/952 1946/261/948
f 1947/261/950 1952/261/953 1951/261/952
f 1953/261/954 1951/261/952 1952/261/953
f 1955/261/955 1954/261/956 1953/261/954
f 1951/261/952 1953/261/954 1954/261/956
f 1954/261/956 1955/261/955 1956/261/957
f 1955/261/955 1957/261/958 1956/261/957
f 1955/261/955 1958/261/959 1957/261/958
f 1958/261/959 1959/261/960 1957/261/958
f 1957/261/958 1959/261/960 1960/261/960
f 1961/261/961 1963/261/962 1962/261/963
f 1963/261/962 1961/261/961 1964/261/964
f 1965/261/965 1964/261/964 1961/261/961
f 1964/261/964 1965/261/965 1966/261/966
f 1967/261/967 1966/261/966 1965/261/965
f 1965/261/965 1968/261/968 1967/261/967
f 1968/261/968 1969/261/969 1967/261/967
f 1968/261/968 1970/261/970 1969/261/969
f 1971/261/971 1969/261/969 1970/261/970
f 1971/261/971 1973/261/972 1972/261/973
f 1969/261/969 1971/261/971 1972/261/973
f 1973/261/972 1971/261/971 1974/261/972
f 1975/261/974 1962/261/963 1963/261/962
f 1962/261/963 1975/261/974 1976/261/974
f 1977/261/208 1978/261/975 1980/261/208
f 1977/261/208 1979/261/976 1978/261/975
f 1978/261/975 1979/261/976 1981/261/977
f 1981/261/977 1983/261/978 1982/261/652
f 1981/261/977 1982/261/652 1978/261/975
f 1983/261/978 1981/261/977 1984/261/979
f 1985/261/980 1983/261/978 1984/261/979
f 1987/261/981 1986/261/982 1985/261/980
f 1983/261/978 1985/261/980 1986/261/982
f 1986/261/982 1987/261/981 1988/261/983
f 1987/261/981 1989/261/984 1988/261/983
f 1989/261/984 1987/261/981 1990/261/985
f 1991/261/65 1989/261/984 1990/261/985
f 1989/261/984 1991/261/65 1992/261/65
f 1993/261/986 1994/261/986 1996/261/986
f 1993/261/986 1995/261/986 1994/261/986
f 1997/261/987 1998/261/987 2000/261/987
f 1997/261/987 1999/261/987 1998/261/987
f 2001/261/988 2003/261/988 2002/261/988
f 2004/261/988 2003/261/988 2001/261/988
f 2005/261/988 2004/261/988 2001/261/988
f 2006/261/41 2008/261/41 2007/261/41
f 2008/261/41 2006/261/41 2009/261/41
f 2010/261/41 2009/261/41 2011/261/41
f 2009/261/41 2010/261/41 2008/261/41
f 2012/261/41 2007/261/41 2008/261/41
f 2013/261/41 2007/261/41 2012/261/41
f 2007/261/41 2013/261/41 2014/261/41
f 2014/261/41 2016/261/41 2015/261/41
f 2015/261/41 2007/261/41 2014/261/41
f 2015/261/41 2016/261/41 2017/261/41
f 2016/261/41 2018/261/41 2017/261/41
f 2018/261/41 2016/261/41 2019/261/41
f 2020/261/41 2017/261/41 2021/261/41
f 2020/261/41 2015/261/41 2017/261/41
f 2022/261/1 2024/261/1 2023/261/1
f 2024/261/1 2022/261/1 2025/261/1
f 2025/261/1 2026/261/1 2024/261/1
f 2026/261/1 2025/261/1 2027/261/1
f 2025/261/1 2028/261/1 2027/261/1
f 2025/261/1 2029/261/1 2028/261/1
f 2029/261/1 2025/261/1 2030/261/1
f 2030/261/1 2032/261/1 2031/261/1
f 2029/261/1 2030/261/1 2031/261/1
f 2032/261/1 2030/261/1 2033/261/1
f 2034/261/1 2033/261/1 2030/261/1
f 2033/261/1 2034/261/1 2035/261/1
f 2033/261/1 2036/261/1 2032/261/1
f 2038/261/1 2032/261/1 2036/261/1
f 2038/261/1 2036/261/1 2037/261/1
f 2040/261/1 2038/261/1 2028/261/1
f 2032/261/1 2038/261/1 2039/261/1
f 2038/261/1 2040/261/1 2039/261/1
f 2040/261/1 2028/261/1 2029/261/1
f 2023/261/1 2024/261/1 2041/261/1
f 2042/261/1 2023/261/1 2041/261/1
f 2043/261/989 2045/261/989 2044/261/989
f 2045/261/989 2043/261/989 2046/261/989
f 2047/261/990 2049/261/991 2048/261/992
f 2049/261/991 2047/261/990 2050/261/993
f 2051/261/994 2050/261/993 2047/261/990
f 2051/261/994 2053/261/995 2052/261/996
f 2050/261/993 2051/261/994 2052/261/996
f 2053/261/995 2051/261/994 2054/261/997
f 2054/261/997 2056/261/998 2055/261/998
f 2055/261/998 2053/261/995 2054/261/997
f 2056/261/998 2057/261/998 2055/261/998
f 2057/261/998 2056/261/998 2058/261/998
f 2059/261/999 2048/261/992 2049/261/991
f 2059/261/999 2049/261/991 2060/261/1000
f 2060/261/1000 2062/261/1001 2061/261/1002
f 2061/261/1002 2059/261/999 2060/261/1000
f 2063/261/998 2061/261/1002 2062/261/1001
f 2061/261/1002 2063/261/998 2064/261/998
f 2065/261/1003 2067/261/1004 2066/261/1005
f 2067/261/1004 2065/261/1003 2068/261/1006
f 2069/261/1007 2068/261/1006 2065/261/1003
f 2068/261/1006 2069/261/1007 2070/261/1008
f 2071/261/1009 2070/261/1008 2069/261/1007
f 2069/261/1007 2072/261/1009 2071/261/1009
f 2067/261/1004 2073/261/1010 2066/261/1005
f 2073/261/1010 2067/261/1004 2074/261/1011
f 2075/261/1012 2074/261/1011 2076/261/1013
f 2075/261/1012 2073/261/1010 2074/261/1011
f 2077/261/1014 2075/261/1012 2076/261/1013
f 2079/261/1009 2078/261/1015 2077/261/1014
f 2075/261/1012 2077/261/1014 2078/261/1015
f 2078/261/1015 2079/261/1009 2080/261/1009
f 2079/261/1009 2081/261/1009 2080/261/1009
f 2082/261/1009 2080/261/1009 2081/261/1009
f 2083/261/2 2085/261/1016 2084/261/1017
f 2085/261/1016 2083/261/2 2086/261/2
f 2084/261/1017 2085/261/1016 2087/261/1018
f 2087/261/1018 2085/261/1016 2088/261/1019
f 2089/261/1020 2087/261/1018 2088/261/1019
f 2087/261/1018 2089/261/1020 2090/261/1021
f 2090/261/1021 2089/261/1020 2091/261/1022
f 2091/261/1022 2089/261/1020 2092/261/1023
f 2092/261/1023 2093/261/1024 2091/261/1022
f 2094/261/1025 2091/261/1022 2093/261/1024
f 2094/261/1025 2093/261/1024 2095/261/1026
f 2096/261/1027 2095/261/1026 2097/261/2
f 2096/261/1027 2094/261/1025 2095/261/1026
f 2098/261/2 2096/261/1027 2097/261/2
f 2097/261/2 2099/261/2 2098/261/2
f 2100/261/2 2098/261/2 2099/261/2
f 2101/261/1028 2103/261/1028 2102/261/1028
f 2103/261/1028 2101/261/1028 2104/261/1028
f 2105/261/1029 2107/261/1029 2106/261/1029
f 2107/261/1029 2105/261/1029 2108/261/1029
f 2109/261/2 2110/261/2 2112/261/2
f 2109/261/2 2111/261/2 2110/261/2
f 2113/261/2 2111/261/2 2109/261/2
f 2111/261/2 2113/261/2 2114/261/2
f 2115/261/2 2117/261/2 2116/261/2
f 2117/261/2 2115/261/2 2118/261/2
f 2119/261/1030 2121/261/1030 2120/261/1030
f 2121/261/1030 2119/261/1030 2122/261/1030
f 2123/261/1031 2125/261/1031 2124/261/1031
f 2124/261/1031 2125/261/1031 2126/261/1031
f 2127/261/1032 2129/261/1032 2128/261/1032
f 2129/261/1032 2127/261/1032 2130/261/1032
f 2131/261/1033 2133/261/1034 2132/261/1035
f 2133/261/1034 2131/261/1033 2134/261/1036
usemtl Meshpart5Mtl.001
f 2135/261/186 2137/261/186 2136/261/186
f 2138/261/186 2140/261/186 2139/261/186
f 2141/261/186 2143/261/186 2142/261/186
f 2144/261/186 2146/261/186 2145/261/186
f 2147/261/186 2149/261/186 2148/261/186
f 2150/261/1037 2152/261/1037 2151/261/1037
f 2153/261/1037 2155/261/1037 2154/261/1037
f 2156/261/1037 2158/261/1037 2157/261/1037
f 2159/261/186 2161/261/186 2160/261/186
f 2162/261/186 2164/261/186 2163/261/186
f 2165/261/186 2167/261/186 2166/261/186
f 2168/261/186 2170/261/186 2169/261/186
f 2171/261/186 2173/261/186 2172/261/186
f 2174/261/186 2176/261/186 2175/261/186
f 2177/261/186 2179/261/186 2178/261/186
f 2180/261/186 2182/261/186 2181/261/186
f 2183/261/186 2185/261/186 2184/261/186
f 2186/261/186 2188/261/186 2187/261/186
f 2189/261/186 2191/261/186 2190/261/186
f 2192/261/186 2194/261/186 2193/261/186
f 2195/261/65 2197/261/65 2196/261/65
f 2198/261/65 2200/261/65 2199/261/65
f 2201/261/65 2203/261/65 2202/261/65
f 2204/261/65 2206/261/65 2205/261/65
f 2207/261/65 2209/261/65 2208/261/65
f 2210/261/65 2212/261/65 2211/261/65
f 2213/261/235 2215/261/1038 2214/261/235
f 2216/261/1039 2218/261/1040 2217/261/1039
f 2219/261/1040 2221/261/236 2220/261/1040
f 2222/261/1038 2224/261/235 2223/261/1038
f 2225/261/1041 2227/261/1042 2226/261/1042
f 2228/261/1042 2230/261/1041 2229/261/1041
f 2231/261/1043 2233/261/1043 2232/261/1044
f 2234/261/1044 2236/261/1044 2235/261/1043
f 2237/261/1045 2239/261/215 2238/261/1045
f 2240/261/215 2242/261/1045 2241/261/215
f 2243/261/1046 2245/261/1047 2244/261/1046
f 2246/261/65 2248/261/65 2247/261/65
f 2249/261/65 2251/261/65 2250/261/65
f 2252/261/65 2254/261/65 2253/261/65
f 2255/261/65 2257/261/65 2256/261/65
f 2258/261/41 2260/261/41 2259/261/41
f 2261/261/41 2263/261/41 2262/261/41
f 2264/261/41 2266/261/41 2265/261/41
f 2267/261/41 2269/261/41 2268/261/41
f 2270/261/1048 2272/261/1048 2271/261/1048
f 2273/261/1048 2275/261/1048 2274/261/1048
f 2276/261/1 2278/261/1 2277/261/1
f 2279/261/1 2281/261/1 2280/261/1
f 2282/261/1 2284/261/1 2283/261/1
f 2285/261/1 2287/261/1 2286/261/1
f 2288/261/1049 2290/261/1049 2289/261/1049
f 2291/261/1049 2293/261/1049 2292/261/1049
f 2294/261/41 2296/261/41 2295/261/41
f 2297/261/41 2299/261/41 2298/261/41
f 2300/261/41 2302/261/41 2301/261/41
f 2303/261/41 2305/261/41 2304/261/41
f 2306/261/1 2308/261/1 2307/261/1
f 2309/261/1 2311/261/1 2310/261/1
f 2312/261/1 2314/261/1 2313/261/1
f 2315/261/1 2317/261/1 2316/261/1
f 2318/261/1050 2320/261/1050 2319/261/1050
f 2321/261/1050 2323/261/1050 2322/261/1050
f 2324/261/1050 2326/261/1050 2325/261/1050
f 2327/261/1050 2329/261/1050 2328/261/1050
f 2330/261/1051 2332/261/1052 2331/261/1052
f 2333/261/1053 2335/261/1051 2334/261/1051
f 2336/261/1054 2338/261/1054 2337/261/1054
f 2339/261/1055 2341/261/1056 2340/261/1055
f 2342/261/1054 2344/261/1054 2343/261/1054
f 2345/261/1051 2347/261/1 2346/261/1051
f 2348/261/1051 2350/261/1 2349/261/1
f 2351/261/1056 2353/261/1057 2352/261/1056
f 2354/261/1058 2356/261/1059 2355/261/1059
f 2357/261/1059 2359/261/1059 2358/261/1059
f 2360/261/41 2362/261/1056 2361/261/1056
f 2363/261/41 2365/261/1056 2364/261/41
f 2366/261/208 2368/261/208 2367/261/208
f 2369/261/208 2371/261/208 2370/261/208
f 2372/261/208 2374/261/208 2373/261/208
f 2375/261/208 2377/261/208 2376/261/208
f 2378/261/1060 2380/261/1060 2379/261/1060
f 2381/261/208 2383/261/208 2382/261/208
f 2384/261/208 2386/261/208 2385/261/208
f 2387/261/208 2389/261/208 2388/261/208
f 2390/261/208 2392/261/208 2391/261/208
f 2393/261/208 2395/261/208 2394/261/208
f 2396/261/208 2398/261/208 2397/261/208
f 2399/261/208 2401/261/208 2400/261/208
f 2402/261/208 2404/261/208 2403/261/208
f 2405/261/208 2407/261/208 2406/261/208
f 2408/261/208 2410/261/208 2409/261/208
f 2411/261/208 2413/261/208 2412/261/208
f 2414/261/208 2416/261/208 2415/261/208
f 2417/261/208 2419/261/208 2418/261/208
f 2420/261/1 2422/261/1 2421/261/1
f 2423/261/208 2425/261/208 2424/261/208
f 2426/261/208 2428/261/208 2427/261/208
f 2429/261/208 2431/261/208 2430/261/208
f 2432/261/208 2434/261/208 2433/261/208
f 2435/261/208 2437/261/208 2436/261/208
f 2438/261/208 2440/261/208 2439/261/208
f 2441/261/208 2443/261/208 2442/261/208
f 2444/261/208 2446/261/208 2445/261/208
f 2447/261/208 2449/261/208 2448/261/208
f 2450/261/208 2452/261/208 2451/261/208
f 2453/261/208 2455/261/208 2454/261/208
f 2456/261/208 2458/261/208 2457/261/208
f 2459/261/208 2461/261/208 2460/261/208
f 2462/261/208 2464/261/208 2463/261/208
f 2465/261/208 2467/261/208 2466/261/208
f 2468/261/208 2470/261/208 2469/261/208
f 2471/261/208 2473/261/208 2472/261/208
f 2474/261/208 2476/261/208 2475/261/208
f 2477/261/208 2479/261/208 2478/261/208
f 2480/261/208 2482/261/208 2481/261/208
f 2483/261/208 2485/261/208 2484/261/208
f 2486/261/208 2488/261/208 2487/261/208
f 2489/261/65 2491/261/65 2490/261/65
f 2492/261/65 2494/261/65 2493/261/65
f 2495/261/213 2497/261/213 2496/261/213
f 2498/261/213 2500/261/213 2499/261/213
f 2501/261/214 2503/261/214 2502/261/214
f 2504/261/214 2506/261/214 2505/261/214
f 2507/261/1061 2509/261/1061 2508/261/1061
f 2510/261/1061 2512/261/1061 2511/261/1061
f 2513/261/1062 2515/261/1062 2514/261/1062
f 2516/261/1062 2518/261/1062 2517/261/1062
f 2519/261/1063 2521/261/186 2520/261/186
f 2522/261/1063 2524/261/186 2523/261/1063
f 2525/261/1064 2527/261/1065 2526/261/1064
f 2528/261/1065 2530/261/1064 2529/261/1065
f 2531/261/1066 2533/261/1067 2532/261/1066
f 2534/261/1067 2536/261/1066 2535/261/1067
f 2537/261/1068 2539/261/1067 2538/261/1067
f 2540/261/1067 2542/261/1068 2541/261/1068
f 2543/261/1069 2545/261/208 2544/261/1069
f 2546/261/208 2548/261/1069 2547/261/208
f 2549/261/1063 2551/261/186 2550/261/186
f 2552/261/1063 2554/261/186 2553/261/1063
f 2555/261/1064 2557/261/1065 2556/261/1064
f 2558/261/1065 2560/261/1064 2559/261/1065
f 2561/261/1066 2563/261/1067 2562/261/1066
f 2564/261/1067 2566/261/1066 2565/261/1067
f 2567/261/1068 2569/261/1067 2568/261/1067
f 2570/261/1067 2572/261/1068 2571/261/1068
f 2573/261/1069 2575/261/208 2574/261/1069
f 2576/261/208 2578/261/1069 2577/261/208
f 2579/261/1070 2581/261/1070 2580/261/1070
f 2582/261/1070 2584/261/1070 2583/261/1070
f 2585/261/41 2587/261/41 2586/261/41
f 2588/261/41 2590/261/41 2589/261/41
f 2591/261/41 2593/261/41 2592/261/41
f 2594/261/41 2596/261/41 2595/261/41
f 2597/261/41 2599/261/41 2598/261/41
f 2600/261/41 2602/261/41 2601/261/41
f 2603/261/1071 2605/261/1071 2604/261/1071
f 2606/261/1071 2608/261/1071 2607/261/1071
f 2609/261/41 2611/261/41 2610/261/41
f 2612/261/41 2614/261/41 2613/261/41
f 2615/261/1 2617/261/1 2616/261/1
f 2618/261/1 2620/261/1 2619/261/1
f 2621/261/1 2623/261/1 2622/261/1
f 2624/261/1 2626/261/1 2625/261/1
f 2627/261/1 2629/261/1 2628/261/1
f 2630/261/1 2632/261/1 2631/261/1
f 2633/261/1 2635/261/1 2634/261/1
f 2636/261/41 2638/261/41 2637/261/41
f 2639/261/41 2641/261/41 2640/261/41
f 2642/261/41 2644/261/41 2643/261/41
f 2645/261/41 2647/261/41 2646/261/41
f 2648/261/1072 2650/261/1072 2649/261/1072
f 2651/261/1072 2653/261/1072 2652/261/1072
f 2654/261/1 2656/261/1 2655/261/1
f 2657/261/1 2659/261/1 2658/261/1
f 2660/261/1 2662/261/1 2661/261/1
f 2663/261/1 2665/261/1 2664/261/1
f 2666/261/1073 2668/261/1073 2667/261/1073
f 2669/261/1073 2671/261/1073 2670/261/1073
f 2672/261/1074 2674/261/1074 2673/261/1074
f 2675/261/1074 2677/261/1074 2676/261/1074
f 2678/261/1075 2680/261/1075 2679/261/1075
f 2681/261/1075 2683/261/1075 2682/261/1075
f 2684/261/1076 2686/261/1076 2685/261/1076
f 2687/261/1076 2689/261/1076 2688/261/1076
f 2690/261/1077 2692/261/1077 2691/261/1077
f 2693/261/1077 2695/261/1077 2694/261/1077
f 2696/261/186 2698/261/186 2697/261/186
f 2699/261/186 2701/261/186 2700/261/186
f 2702/261/186 2704/261/186 2703/261/186
f 2705/261/186 2707/261/186 2706/261/186
f 2708/261/186 2710/261/186 2709/261/186
f 2711/261/186 2713/261/186 2712/261/186
f 2714/261/186 2716/261/186 2715/261/186
f 2717/261/186 2719/261/186 2718/261/186
f 2720/261/186 2722/261/186 2721/261/186
f 2723/261/186 2725/261/186 2724/261/186
f 2726/261/186 2728/261/186 2727/261/186
f 2729/261/186 2731/261/186 2730/261/186
f 2732/261/186 2734/261/186 2733/261/186
f 2735/261/186 2737/261/186 2736/261/186
f 2738/261/186 2740/261/186 2739/261/186
f 2741/261/186 2743/261/186 2742/261/186
f 2744/261/186 2746/261/186 2745/261/186
f 2747/261/186 2749/261/186 2748/261/186
f 2750/261/186 2752/261/186 2751/261/186
f 2753/261/186 2755/261/186 2754/261/186
f 2756/261/186 2758/261/186 2757/261/186
f 2759/261/186 2761/261/186 2760/261/186
f 2762/261/1078 2764/261/1079 2763/261/1079
f 2765/261/1080 2767/261/1081 2766/261/1081
f 2768/261/1078 2770/261/1079 2769/261/1079
